id;IQR;minfun;class
i1;0.075122;0.015702;male
i2;0.073252;0.015826;male
i3;0.123207;0.015656;male
i4;0.111374;0.017798;male
i5;0.127325;0.016931;male
i6;0.141634;0.017112;male
i7;0.112819;0.02623;male
i8;0.12143;0.017758;male
i9;0.120381;0.017957;male
i10;0.126377;0.0193;male
i11;0.11531;0.022069;male
i12;0.115426;0.019139;male
i13;0.126082;0.016789;male
i14;0.100693;0.025;male
i15;0.111004;0.020833;male
i16;0.112677;0.018328;male
i17;0.112076;0.017544;male
i18;0.121227;0.015671;male
i19;0.124068;0.015717;male
i20;0.120554;0.015702;male
i21;0.125298;0.015764;male
i22;0.125502;0.016145;male
i23;0.113519;0.015686;male
i24;0.126137;0.015702;male
i25;0.116319;0.016097;male
i26;0.121777;0.01564;male
i27;0.121843;0.016211;male
i28;0.122515;0.015842;male
i29;0.117826;0.016244;male
i30;0.122936;0.017039;male
i31;0.121634;0.01626;male
i32;0.123002;0.017279;male
i33;0.125469;0.016563;male
i34;0.123529;0.016754;male
i35;0.125138;0.016343;male
i36;0.117972;0.018412;male
i37;0.073505;0.016615;male
i38;0.119562;0.121212;male
i39;0.072689;0.016771;male
i40;0.117076;0.016162;male
i41;0.114911;0.015842;male
i42;0.116246;0.015936;male
i43;0.112736;0.01564;male
i44;0.112427;0.01592;male
i45;0.112082;0.016;male
i46;0.105475;0.01581;male
i47;0.113372;0.016064;male
i48;0.116804;0.016277;male
i49;0.114745;0.015779;male
i50;0.11417;0.016211;male
i51;0.117357;0.018735;male
i52;0.112716;0.017241;male
i53;0.11047;0.021798;male
i54;0.111452;0.026711;male
i55;0.11704;0.02473;male
i56;0.123988;0.015671;male
i57;0.117007;0.021277;male
i58;0.18461;0.020356;male
i59;0.178856;0.060837;male
i60;0.100261;0.015936;male
i61;0.144108;0.02439;male
i62;0.109504;0.033333;male
i63;0.136423;0.027257;male
i64;0.144821;0.015686;male
i65;0.137113;0.016529;male
i66;0.130093;0.054054;male
i67;0.12509;0.018868;male
i68;0.04525;0.016032;male
i69;0.06189;0.015952;male
i70;0.070208;0.016162;male
i71;0.075272;0.01854;male
i72;0.107923;0.026187;male
i73;0.11318;0.020833;male
i74;0.050866;0.015764;male
i75;0.11208;0.016667;male
i76;0.063685;0.021136;male
i77;0.104587;0.016684;male
i78;0.07545;0.018519;male
i79;0.076879;0.020101;male
i80;0.066824;0.0199;male
i81;0.104778;0.025078;male
i82;0.056886;0.0199;male
i83;0.092313;0.018141;male
i84;0.095566;0.015717;male
i85;0.085274;0.01581;male
i86;0.075504;0.016244;male
i87;0.093493;0.015733;male
i88;0.09417;0.015671;male
i89;0.088632;0.01626;male
i90;0.07183;0.016145;male
i91;0.081085;0.01768;male
i92;0.081906;0.017897;male
i93;0.094526;0.015795;male
i94;0.150088;0.01564;male
i95;0.165478;0.016129;male
i96;0.163778;0.016;male
i97;0.154566;0.01636;male
i98;0.12135;0.01581;male
i99;0.122574;0.016615;male
i100;0.155576;0.016393;male
i101;0.132473;0.015795;male
i102;0.177862;0.015795;male
i103;0.147641;0.017602;male
i104;0.118163;0.01741;male
i105;0.115332;0.015656;male
i106;0.112392;0.0199;male
i107;0.11017;0.016495;male
i108;0.125089;0.01766;male
i109;0.104439;0.017076;male
i110;0.121267;0.026667;male
i111;0.108968;0.017429;male
i112;0.124111;0.018433;male
i113;0.114214;0.016194;male
i114;0.12348;0.023256;male
i115;0.191932;0.018713;male
i116;0.140297;0.016684;male
i117;0.13539;0.01581;male
i118;0.079584;0.02;male
i119;0.133095;0.02;male
i120;0.14364;0.017957;male
i121;0.131467;0.016343;male
i122;0.118804;0.016293;male
i123;0.140626;0.0199;male
i124;0.15001;0.018454;male
i125;0.143886;0.016327;male
i126;0.134142;0.015889;male
i127;0.129611;0.016178;male
i128;0.153347;0.016227;male
i129;0.123841;0.016327;male
i130;0.133925;0.015968;male
i131;0.087128;0.01867;male
i132;0.074544;0.02213;male
i133;0.079563;0.027027;male
i134;0.093174;0.023916;male
i135;0.080257;0.031683;male
i136;0.150244;0.018913;male
i137;0.146767;0.018692;male
i138;0.144096;0.01898;male
i139;0.11617;0.021248;male
i140;0.138689;0.01631;male
i141;0.138339;0.019277;male
i142;0.135663;0.018244;male
i143;0.151207;0.015984;male
i144;0.145132;0.017857;male
i145;0.140781;0.015748;male
i146;0.124786;0.015764;male
i147;0.153892;0.016512;male
i148;0.172614;0.015702;male
i149;0.13185;0.017204;male
i150;0.177591;0.016097;male
i151;0.173892;0.016649;male
i152;0.172207;0.015826;male
i153;0.181713;0.016048;male
i154;0.172216;0.01898;male
i155;0.166297;0.016194;male
i156;0.14238;0.015826;male
i157;0.141223;0.016277;male
i158;0.124098;0.01636;male
i159;0.133619;0.016563;male
i160;0.147471;0.016113;male
i161;0.117209;0.016377;male
i162;0.138347;0.016244;male
i163;0.125693;0.016277;male
i164;0.144337;0.016327;male
i165;0.140584;0.015905;male
i166;0.114242;0.034707;male
i167;0.12173;0.017167;male
i168;0.156755;0.02;male
i169;0.149238;0.019851;male
i170;0.162786;0.024096;male
i171;0.156416;0.01726;male
i172;0.137207;0.017354;male
i173;0.12912;0.01812;male
i174;0.114935;0.018497;male
i175;0.123538;0.015702;male
i176;0.100791;0.016277;male
i177;0.10657;0.016667;male
i178;0.109746;0.017335;male
i179;0.119412;0.021769;male
i180;0.095547;0.015733;male
i181;0.10425;0.039604;male
i182;0.114506;0.018391;male
i183;0.107974;0.021563;male
i184;0.101042;0.016064;male
i185;0.125046;0.01631;male
i186;0.115596;0.016842;male
i187;0.122182;0.016178;male
i188;0.127467;0.020434;male
i189;0.149067;0.017094;male
i190;0.129613;0.033058;male
i191;0.116197;0.015671;male
i192;0.122561;0.016807;male
i193;0.107933;0.015764;male
i194;0.14204;0.016016;male
i195;0.104071;0.025478;male
i196;0.120884;0.016064;male
i197;0.106442;0.021651;male
i198;0.121867;0.015702;male
i199;0.111914;0.018626;male
i200;0.113681;0.025316;male
i201;0.129298;0.016016;male
i202;0.105984;0.017241;male
i203;0.111702;0.017204;male
i204;0.125413;0.015952;male
i205;0.106811;0.018038;male
i206;0.100583;0.017602;male
i207;0.116514;0.019536;male
i208;0.101368;0.01592;male
i209;0.129719;0.017167;male
i210;0.092748;0.016546;male
i211;0.132811;0.016194;male
i212;0.126941;0.051118;male
i213;0.099337;0.022504;male
i214;0.095883;0.017857;male
i215;0.105049;0.018038;male
i216;0.1104;0.016512;male
i217;0.103158;0.018957;male
i218;0.106244;0.020305;male
i219;0.109268;0.024615;male
i220;0.109191;0.015779;male
i221;0.10954;0.032193;male
i222;0.105694;0.018519;male
i223;0.100997;0.03653;male
i224;0.114241;0.021108;male
i225;0.107023;0.017149;male
i226;0.106244;0.015779;male
i227;0.092851;0.018018;male
i228;0.154611;0.016529;male
i229;0.149539;0.019254;male
i230;0.11887;0.015857;male
i231;0.132135;0.01741;male
i232;0.119117;0.016546;male
i233;0.116283;0.028319;male
i234;0.161339;0.019925;male
i235;0.142919;0.017738;male
i236;0.118901;0.017486;male
i237;0.136268;0.015764;male
i238;0.149966;0.016194;male
i239;0.145331;0.01592;male
i240;0.133394;0.016667;male
i241;0.149594;0.017877;male
i242;0.164093;0.015686;male
i243;0.140223;0.015889;male
i244;0.115886;0.016771;male
i245;0.126083;0.017505;male
i246;0.099754;0.022695;male
i247;0.184731;0.016842;male
i248;0.167531;0.01686;male
i249;0.130122;0.016427;male
i250;0.183235;0.016327;male
i251;0.169601;0.0193;male
i252;0.14349;0.016546;male
i253;0.15493;0.016293;male
i254;0.125523;0.019536;male
i255;0.144075;0.020915;male
i256;0.18619;0.016097;male
i257;0.034809;0.031873;male
i258;0.03383;0.025765;male
i259;0.036766;0.01564;male
i260;0.048823;0.018497;male
i261;0.023859;0.054983;male
i262;0.021841;0.045326;male
i263;0.031748;0.016546;male
i264;0.035045;0.0193;male
i265;0.027522;0.017877;male
i266;0.036618;0.021828;male
i267;0.104042;0.01889;male
i268;0.11416;0.018059;male
i269;0.108368;0.023599;male
i270;0.107401;0.049231;male
i271;0.108663;0.016461;male
i272;0.116569;0.015857;male
i273;0.110922;0.015952;male
i274;0.104422;0.015795;male
i275;0.103116;0.016842;male
i276;0.119369;0.030246;male
i277;0.12049;0.025;male
i278;0.117126;0.018223;male
i279;0.115333;0.03125;male
i280;0.118575;0.016293;male
i281;0.120473;0.03125;male
i282;0.112358;0.020592;male
i283;0.122578;0.017758;male
i284;0.118969;0.04336;male
i285;0.119404;0.026059;male
i286;0.116377;0.015842;male
i287;0.114402;0.020619;male
i288;0.094706;0.018223;male
i289;0.100789;0.017563;male
i290;0.107968;0.016145;male
i291;0.136663;0.016194;male
i292;0.05004;0.016719;male
i293;0.06758;0.015779;male
i294;0.150543;0.016211;male
i295;0.115678;0.017112;male
i296;0.142966;0.015748;male
i297;0.141531;0.016194;male
i298;0.145166;0.01626;male
i299;0.116283;0.028319;male
i300;0.105826;0.015764;male
i301;0.080337;0.055944;male
i302;0.094307;0.018957;male
i303;0.101949;0.030132;male
i304;0.087642;0.024206;male
i305;0.048162;0.01995;male
i306;0.085039;0.016667;male
i307;0.091356;0.044944;male
i308;0.119335;0.034632;male
i309;0.110029;0.03125;male
i310;0.062272;0.027923;male
i311;0.085415;0.043836;male
i312;0.099967;0.017957;male
i313;0.106705;0.042735;male
i314;0.102246;0.034483;male
i315;0.103346;0.047847;male
i316;0.104267;0.013021;male
i317;0.103063;0.014205;male
i318;0.103136;0.03367;male
i319;0.100825;0.015625;male
i320;0.102785;0.034247;male
i321;0.101508;0.036101;male
i322;0.102209;0.046512;male
i323;0.103431;0.014205;male
i324;0.105797;0.037037;male
i325;0.103587;0.025575;male
i326;0.105026;0.026525;male
i327;0.102788;0.033898;male
i328;0.104453;0.049751;male
i329;0.104168;0.1;male
i330;0.104606;0.019841;male
i331;0.101779;0.084034;male
i332;0.106949;0.05;male
i333;0.104563;0.011161;male
i334;0.106697;0.019531;male
i335;0.107129;0.049751;male
i336;0.107053;0.051546;male
i337;0.105189;0.019531;male
i338;0.104753;0.019531;male
i339;0.105379;0.034247;male
i340;0.103673;0.035088;male
i341;0.102506;0.019531;male
i342;0.102716;0.020161;male
i343;0.103282;0.026042;male
i344;0.103887;0.016639;male
i345;0.106647;0.03268;male
i346;0.103069;0.034014;male
i347;0.105327;0.032051;male
i348;0.104678;0.039063;male
i349;0.101524;0.019531;male
i350;0.103643;0.051546;male
i351;0.101938;0.019531;male
i352;0.103202;0.048544;male
i353;0.10473;0.049751;male
i354;0.108341;0.014205;male
i355;0.106306;0.019531;male
i356;0.113505;0.019254;male
i357;0.113378;0.017003;male
i358;0.116679;0.016478;male
i359;0.116496;0.019254;male
i360;0.115081;0.017917;male
i361;0.114758;0.018868;male
i362;0.113191;0.04507;male
i363;0.16623;0.016227;male
i364;0.12054;0.02735;male
i365;0.131677;0.017563;male
i366;0.160665;0.016667;male
i367;0.127801;0.02122;male
i368;0.156462;0.016667;male
i369;0.143707;0.016277;male
i370;0.150974;0.016563;male
i371;0.117538;0.022956;male
i372;0.115979;0.0401;male
i373;0.111539;0.016615;male
i374;0.112857;0.023426;male
i375;0.116426;0.016563;male
i376;0.110116;0.027972;male
i377;0.119197;0.036782;male
i378;0.108856;0.020434;male
i379;0.115385;0.020101;male
i380;0.113031;0.019704;male
i381;0.100543;0.060606;male
i382;0.121739;0.02406;male
i383;0.118502;0.016377;male
i384;0.096231;0.072398;male
i385;0.110164;0.018779;male
i386;0.105045;0.016824;male
i387;0.143077;0.041885;male
i388;0.116308;0.040712;male
i389;0.123241;0.02329;male
i390;0.117313;0.019208;male
i391;0.110469;0.016048;male
i392;0.101771;0.016615;male
i393;0.114878;0.023392;male
i394;0.11737;0.016967;male
i395;0.095128;0.037123;male
i396;0.106102;0.053872;male
i397;0.104932;0.019778;male
i398;0.105494;0.038005;male
i399;0.100489;0.026578;male
i400;0.110446;0.041995;male
i401;0.125603;0.023188;male
i402;0.10904;0.021277;male
i403;0.103897;0.039702;male
i404;0.110545;0.01995;male
i405;0.118734;0.029197;male
i406;0.118072;0.038278;male
i407;0.115979;0.041344;male
i408;0.100769;0.022409;male
i409;0.109778;0.026101;male
i410;0.123079;0.018713;male
i411;0.098977;0.021305;male
i412;0.098408;0.039409;male
i413;0.093797;0.03252;male
i414;0.113161;0.02213;male
i415;0.106061;0.016048;male
i416;0.105128;0.021108;male
i417;0.106364;0.017544;male
i418;0.103298;0.018626;male
i419;0.108401;0.041026;male
i420;0.113618;0.026273;male
i421;0.124037;0.0199;male
i422;0.115452;0.033613;male
i423;0.116127;0.015968;male
i424;0.107946;0.044077;male
i425;0.121739;0.018161;male
i426;0.103285;0.041237;male
i427;0.110556;0.01837;male
i428;0.106884;0.051948;male
i429;0.112101;0.029466;male
i430;0.103784;0.022663;male
i431;0.118553;0.028777;male
i432;0.115294;0.023704;male
i433;0.111034;0.107383;male
i434;0.119426;0.01636;male
i435;0.106842;0.024768;male
i436;0.154257;0.01854;male
i437;0.112743;0.037383;male
i438;0.108259;0.03912;male
i439;0.112574;0.045198;male
i440;0.094572;0.034934;male
i441;0.123338;0.01608;male
i442;0.117394;0.01837;male
i443;0.098226;0.042895;male
i444;0.125956;0.017917;male
i445;0.101379;0.062745;male
i446;0.113301;0.027875;male
i447;0.114146;0.016048;male
i448;0.100339;0.04;male
i449;0.101303;0.020539;male
i450;0.088732;0.015826;male
i451;0.096923;0.057971;male
i452;0.113878;0.035011;male
i453;0.116837;0.054608;male
i454;0.142878;0.016343;male
i455;0.037366;0.016048;male
i456;0.109598;0.026622;male
i457;0.091977;0.016824;male
i458;0.11187;0.016032;male
i459;0.109652;0.020672;male
i460;0.113401;0.015702;male
i461;0.099022;0.015842;male
i462;0.113005;0.017998;male
i463;0.11642;0.01564;male
i464;0.099036;0.015795;male
i465;0.107566;0.015702;male
i466;0.089123;0.015702;male
i467;0.079762;0.019277;male
i468;0.062357;0.016393;male
i469;0.082985;0.016048;male
i470;0.087022;0.020645;male
i471;0.091832;0.021419;male
i472;0.084777;0.018223;male
i473;0.08545;0.029466;male
i474;0.088405;0.043716;male
i475;0.072438;0.062992;male
i476;0.084826;0.019254;male
i477;0.118794;0.018757;male
i478;0.117667;0.02346;male
i479;0.127743;0.03125;male
i480;0.127291;0.030075;male
i481;0.129761;0.017372;male
i482;0.113068;0.020025;male
i483;0.114682;0.016162;male
i484;0.099816;0.015733;male
i485;0.118937;0.018079;male
i486;0.177788;0.01636;male
i487;0.142567;0.018801;male
i488;0.132768;0.017112;male
i489;0.127298;0.022631;male
i490;0.128468;0.024845;male
i491;0.131996;0.015857;male
i492;0.123783;0.031936;male
i493;0.12173;0.01592;male
i494;0.158676;0.019093;male
i495;0.076188;0.025;male
i496;0.074329;0.05694;male
i497;0.062871;0.025397;male
i498;0.067295;0.017204;male
i499;0.097411;0.024353;male
i500;0.150557;0.017039;male
i501;0.092444;0.020487;male
i502;0.069812;0.0181;male
i503;0.070775;0.020228;male
i504;0.093778;0.016913;male
i505;0.187074;0.015905;male
i506;0.12059;0.018583;male
i507;0.117023;0.017699;male
i508;0.114785;0.016967;male
i509;0.171119;0.017738;male
i510;0.149927;0.039216;male
i511;0.127404;0.018735;male
i512;0.093976;0.021798;male
i513;0.137309;0.01854;male
i514;0.125843;0.01592;male
i515;0.106433;0.030246;male
i516;0.1149;0.017354;male
i517;0.113281;0.026846;male
i518;0.108961;0.016343;male
i519;0.104956;0.015857;male
i520;0.111688;0.01741;male
i521;0.110114;0.021277;male
i522;0.11514;0.015857;male
i523;0.133158;0.01741;male
i524;0.162548;0.016649;male
i525;0.142054;0.022727;male
i526;0.169839;0.015671;male
i527;0.162829;0.017391;male
i528;0.141214;0.018307;male
i529;0.173473;0.025;male
i530;0.100166;0.05;male
i531;0.078596;0.015656;male
i532;0.119451;0.025;male
i533;0.100259;0.019208;male
i534;0.114918;0.01581;male
i535;0.099443;0.02289;male
i536;0.056032;0.015764;male
i537;0.073236;0.017354;male
i538;0.160889;0.015779;male
i539;0.140081;0.015936;male
i540;0.180797;0.017039;male
i541;0.123378;0.015984;male
i542;0.196168;0.017186;male
i543;0.134645;0.015779;male
i544;0.126801;0.016546;male
i545;0.13821;0.015656;male
i546;0.162115;0.016;male
i547;0.138363;0.01626;male
i548;0.127154;0.01564;male
i549;0.130295;0.015748;male
i550;0.105845;0.016113;male
i551;0.114235;0.016667;male
i552;0.117427;0.016427;male
i553;0.114102;0.016129;male
i554;0.134043;0.01956;male
i555;0.1197;0.020539;male
i556;0.116072;0.016598;male
i557;0.107706;0.017448;male
i558;0.148063;0.017316;male
i559;0.124611;0.015671;male
i560;0.117105;0.015842;male
i561;0.11133;0.017448;male
i562;0.12476;0.016343;male
i563;0.127537;0.034483;male
i564;0.115645;0.015889;male
i565;0.117871;0.017094;male
i566;0.131345;0.015842;male
i567;0.104593;0.017957;male
i568;0.104354;0.017877;male
i569;0.121072;0.016129;male
i570;0.149023;0.017003;male
i571;0.175939;0.01768;male
i572;0.145683;0.027539;male
i573;0.177605;0.015717;male
i574;0.134815;0.02852;male
i575;0.158992;0.016;male
i576;0.122783;0.019465;male
i577;0.142247;0.017699;male
i578;0.141757;0.019231;male
i579;0.152596;0.022346;male
i580;0.179369;0.017719;male
i581;0.120686;0.033473;male
i582;0.127056;0.016967;male
i583;0.115617;0.016824;male
i584;0.124273;0.016824;male
i585;0.12304;0.045198;male
i586;0.128874;0.053333;male
i587;0.127065;0.017857;male
i588;0.115507;0.018328;male
i589;0.147884;0.020487;male
i590;0.107096;0.019417;male
i591;0.099364;0.016327;male
i592;0.131863;0.016615;male
i593;0.048941;0.025806;male
i594;0.094747;0.020833;male
i595;0.118494;0.015656;male
i596;0.0974;0.018519;male
i597;0.090664;0.016097;male
i598;0.102676;0.021164;male
i599;0.095019;0.015779;male
i600;0.075932;0.022284;male
i601;0.101835;0.018433;male
i602;0.085846;0.023358;male
i603;0.093402;0.017094;male
i604;0.101034;0.016244;male
i605;0.10376;0.020997;male
i606;0.117438;0.020279;male
i607;0.120037;0.017837;male
i608;0.10737;0.016949;male
i609;0.114201;0.033333;male
i610;0.147541;0.038835;male
i611;0.124238;0.021948;male
i612;0.163987;0.039216;male
i613;0.126349;0.027875;male
i614;0.113582;0.019394;male
i615;0.110968;0.015889;male
i616;0.128201;0.029144;male
i617;0.126526;0.017429;male
i618;0.114662;0.066116;male
i619;0.145478;0.019394;male
i620;0.117403;0.015795;male
i621;0.115969;0.032258;male
i622;0.125622;0.022567;male
i623;0.106834;0.026534;male
i624;0.154241;0.020592;male
i625;0.121871;0.038186;male
i626;0.111008;0.018692;male
i627;0.127321;0.025316;male
i628;0.101728;0.033755;male
i629;0.138265;0.030361;male
i630;0.132957;0.028725;male
i631;0.124686;0.020806;male
i632;0.116969;0.037915;male
i633;0.115895;0.018583;male
i634;0.152575;0.017204;male
i635;0.111762;0.029358;male
i636;0.101065;0.015702;male
i637;0.143275;0.015936;male
i638;0.138168;0.01658;male
i639;0.131114;0.060606;male
i640;0.106087;0.017429;male
i641;0.123483;0.017857;male
i642;0.114191;0.053872;male
i643;0.150218;0.02108;male
i644;0.136824;0.019827;male
i645;0.130505;0.016529;male
i646;0.138043;0.017241;male
i647;0.083224;0.027073;male
i648;0.055106;0.027165;male
i649;0.126082;0.016807;male
i650;0.084208;0.016701;male
i651;0.092141;0.01837;male
i652;0.116222;0.016145;male
i653;0.121182;0.01658;male
i654;0.134568;0.017563;male
i655;0.155784;0.022099;male
i656;0.119428;0.024615;male
i657;0.111525;0.015656;male
i658;0.110636;0.02;male
i659;0.16766;0.023392;male
i660;0.115572;0.024806;male
i661;0.121013;0.021362;male
i662;0.091554;0.01592;male
i663;0.109975;0.017719;male
i664;0.100472;0.016162;male
i665;0.114506;0.016701;male
i666;0.071489;0.030593;male
i667;0.097367;0.024316;male
i668;0.083452;0.016649;male
i669;0.089589;0.016563;male
i670;0.090615;0.019753;male
i671;0.08821;0.017937;male
i672;0.099155;0.040486;male
i673;0.105712;0.03876;male
i674;0.100266;0.040816;male
i675;0.099642;0.06993;male
i676;0.098384;0.04878;male
i677;0.105727;0.019531;male
i678;0.098034;0.050505;male
i679;0.10526;0.089286;male
i680;0.099654;0.039841;male
i681;0.098721;0.042735;male
i682;0.098034;0.020619;male
i683;0.101047;0.023641;male
i684;0.099896;0.073529;male
i685;0.10311;0.036232;male
i686;0.097967;0.022321;male
i687;0.106125;0.038911;male
i688;0.098227;0.040323;male
i689;0.100208;0.089286;male
i690;0.100645;0.034602;male
i691;0.097213;0.046512;male
i692;0.100598;0.024331;male
i693;0.108084;0.011161;male
i694;0.101798;0.04902;male
i695;0.100962;0.028249;male
i696;0.100255;0.024631;male
i697;0.113245;0.01368;male
i698;0.098589;0.039526;male
i699;0.110606;0.050761;male
i700;0.096662;0.037175;male
i701;0.101511;0.045872;male
i702;0.102177;0.04902;male
i703;0.102074;0.02079;male
i704;0.101593;0.053763;male
i705;0.103123;0.017036;male
i706;0.098732;0.090909;male
i707;0.106992;0.020619;male
i708;0.097632;0.056497;male
i709;0.101405;0.035461;male
i710;0.099154;0.035971;male
i711;0.107314;0.046948;male
i712;0.099674;0.084746;male
i713;0.10188;0.012121;male
i714;0.099087;0.08547;male
i715;0.103892;0.045662;male
i716;0.09808;0.088496;male
i717;0.101387;0.075188;male
i718;0.095957;0.021552;male
i719;0.098903;0.091743;male
i720;0.101767;0.020877;male
i721;0.105643;0.040816;male
i722;0.098092;0.048077;male
i723;0.097954;0.038911;male
i724;0.09675;0.027211;male
i725;0.103362;0.016377;male
i726;0.10886;0.026534;male
i727;0.104935;0.017602;male
i728;0.109185;0.021419;male
i729;0.102506;0.023529;male
i730;0.104129;0.015671;male
i731;0.117344;0.027211;male
i732;0.107609;0.017448;male
i733;0.098406;0.017021;male
i734;0.098304;0.022989;male
i735;0.109435;0.018735;male
i736;0.106505;0.018433;male
i737;0.107895;0.034707;male
i738;0.099528;0.018868;male
i739;0.097971;0.016113;male
i740;0.098701;0.015764;male
i741;0.101347;0.018519;male
i742;0.101161;0.016719;male
i743;0.103176;0.015779;male
i744;0.103688;0.016736;male
i745;0.098776;0.020126;male
i746;0.101369;0.016032;male
i747;0.101061;0.017641;male
i748;0.100896;0.024653;male
i749;0.103438;0.018286;male
i750;0.101429;0.01608;male
i751;0.097365;0.017505;male
i752;0.101524;0.015842;male
i753;0.101687;0.026891;male
i754;0.099964;0.029412;male
i755;0.105976;0.015748;male
i756;0.108517;0.018141;male
i757;0.104689;0.026981;male
i758;0.096986;0.017241;male
i759;0.103713;0.016913;male
i760;0.104683;0.018846;male
i761;0.101818;0.035874;male
i762;0.108712;0.022284;male
i763;0.108581;0.018801;male
i764;0.10554;0.018605;male
i765;0.099226;0.016377;male
i766;0.096287;0.016754;male
i767;0.100017;0.018349;male
i768;0.100853;0.017448;male
i769;0.099823;0.023634;male
i770;0.103433;0.01898;male
i771;0.107032;0.016113;male
i772;0.099115;0.017957;male
i773;0.102551;0.020177;male
i774;0.106222;0.016129;male
i775;0.110943;0.077295;male
i776;0.103806;0.020806;male
i777;0.108727;0.016736;male
i778;0.109777;0.015984;male
i779;0.102229;0.016343;male
i780;0.097454;0.018433;male
i781;0.102;0.016754;male
i782;0.097661;0.038835;male
i783;0.117097;0.016615;male
i784;0.1018;0.015748;male
i785;0.095435;0.04611;male
i786;0.105033;0.022346;male
i787;0.103983;0.017719;male
i788;0.099514;0.017857;male
i789;0.106337;0.018161;male
i790;0.101535;0.019925;male
i791;0.098083;0.016495;male
i792;0.100669;0.019925;male
i793;0.099671;0.016495;male
i794;0.101243;0.016789;male
i795;0.113366;0.023529;male
i796;0.108438;0.015842;male
i797;0.096459;0.017467;male
i798;0.113497;0.01626;male
i799;0.105;0.026846;male
i800;0.106372;0.01837;male
i801;0.106693;0.022727;male
i802;0.095379;0.018412;male
i803;0.104681;0.030888;male
i804;0.095702;0.017877;male
i805;0.108101;0.015717;male
i806;0.099365;0.015952;male
i807;0.105415;0.017798;male
i808;0.071579;0.047013;male
i809;0.092331;0.051064;male
i810;0.082605;0.047572;male
i811;0.10736;0.047198;male
i812;0.105701;0.047572;male
i813;0.076194;0.047105;male
i814;0.102366;0.04913;male
i815;0.096344;0.047384;male
i816;0.101211;0.047013;male
i817;0.083509;0.047666;male
i818;0.102215;0.046921;male
i819;0.079671;0.047013;male
i820;0.119846;0.047431;male
i821;0.110436;0.046967;male
i822;0.09069;0.047105;male
i823;0.09694;0.047666;male
i824;0.067765;0.046967;male
i825;0.096133;0.047151;male
i826;0.077552;0.047761;male
i827;0.086459;0.047337;male
i828;0.095495;0.047198;male
i829;0.087297;0.048096;male
i830;0.113501;0.047013;male
i831;0.099209;0.050686;male
i832;0.088554;0.047244;male
i833;0.108808;0.047105;male
i834;0.110538;0.047059;male
i835;0.082113;0.047105;male
i836;0.102421;0.047856;male
i837;0.114052;0.04829;male
i838;0.084113;0.047291;male
i839;0.104712;0.047384;male
i840;0.068174;0.049332;male
i841;0.104342;0.046967;male
i842;0.111634;0.047478;male
i843;0.087774;0.046921;male
i844;0.102779;0.05058;male
i845;0.099524;0.046921;male
i846;0.089042;0.048;male
i847;0.108556;0.048534;male
i848;0.101776;0.046921;male
i849;0.101124;0.050686;male
i850;0.099454;0.047525;male
i851;0.101776;0.047244;male
i852;0.105933;0.047059;male
i853;0.109686;0.047384;male
i854;0.102603;0.046921;male
i855;0.093333;0.047431;male
i856;0.062609;0.046967;male
i857;0.105455;0.047059;male
i858;0.094274;0.049383;male
i859;0.098391;0.046921;male
i860;0.080348;0.047431;male
i861;0.112598;0.048096;male
i862;0.092081;0.046967;male
i863;0.091073;0.046921;male
i864;0.096684;0.047013;male
i865;0.085525;0.053751;male
i866;0.106105;0.047337;male
i867;0.080835;0.049948;male
i868;0.120177;0.026059;male
i869;0.094;0.023952;male
i870;0.113505;0.039409;male
i871;0.120235;0.047478;male
i872;0.104625;0.046921;male
i873;0.124962;0.048144;male
i874;0.113054;0.047761;male
i875;0.112089;0.050052;male
i876;0.114309;0.046967;male
i877;0.11799;0.047291;male
i878;0.110847;0.052863;male
i879;0.107134;0.047384;male
i880;0.113105;0.04918;male
i881;0.114192;0.04888;male
i882;0.117015;0.047809;male
i883;0.116115;0.046967;male
i884;0.109303;0.049896;male
i885;0.106589;0.04918;male
i886;0.111924;0.047952;male
i887;0.110303;0.047244;male
i888;0.11795;0.047809;male
i889;0.105845;0.048193;male
i890;0.125543;0.046921;male
i891;0.117218;0.047384;male
i892;0.114021;0.050955;male
i893;0.095877;0.048193;male
i894;0.109356;0.048485;male
i895;0.111793;0.048048;male
i896;0.119055;0.050104;male
i897;0.11828;0.048048;male
i898;0.108784;0.046921;male
i899;0.121627;0.049434;male
i900;0.103133;0.047761;male
i901;0.124698;0.047619;male
i902;0.121288;0.046967;male
i903;0.116086;0.047151;male
i904;0.116667;0.052805;male
i905;0.110687;0.048436;male
i906;0.121268;0.047384;male
i907;0.120775;0.047198;male
i908;0.114959;0.048193;male
i909;0.094062;0.047105;male
i910;0.129348;0.052174;male
i911;0.110991;0.047761;male
i912;0.108625;0.048731;male
i913;0.116838;0.057007;male
i914;0.108141;0.05074;male
i915;0.114646;0.048193;male
i916;0.113623;0.053631;male
i917;0.095373;0.047572;male
i918;0.114834;0.047013;male
i919;0.11739;0.047337;male
i920;0.116865;0.050104;male
i921;0.112079;0.047105;male
i922;0.111288;0.049485;male
i923;0.120556;0.047059;male
i924;0.105869;0.047714;male
i925;0.108025;0.048682;male
i926;0.102281;0.048583;male
i927;0.10993;0.047431;male
i928;0.119671;0.04878;male
i929;0.106133;0.048193;male
i930;0.116956;0.047198;male
i931;0.128963;0.047105;male
i932;0.106715;0.047013;male
i933;0.115829;0.047105;male
i934;0.120066;0.047105;male
i935;0.116161;0.048731;male
i936;0.118428;0.047856;male
i937;0.126402;0.048241;male
i938;0.124983;0.046921;male
i939;0.108273;0.047904;male
i940;0.120458;0.053993;male
i941;0.113015;0.04893;male
i942;0.115683;0.046921;male
i943;0.11619;0.047151;male
i944;0.120794;0.047809;male
i945;0.118089;0.047105;male
i946;0.113457;0.047337;male
i947;0.118617;0.047904;male
i948;0.119075;0.048096;male
i949;0.112828;0.047525;male
i950;0.12317;0.047666;male
i951;0.114521;0.047337;male
i952;0.114317;0.047714;male
i953;0.113191;0.047714;male
i954;0.117566;0.047904;male
i955;0.12283;0.047013;male
i956;0.124872;0.04898;male
i957;0.114991;0.047572;male
i958;0.112074;0.049587;male
i959;0.120321;0.047198;male
i960;0.116632;0.047619;male
i961;0.116141;0.048096;male
i962;0.107968;0.047525;male
i963;0.118066;0.046921;male
i964;0.121194;0.047337;male
i965;0.11933;0.048632;male
i966;0.114521;0.047105;male
i967;0.123333;0.04883;male
i968;0.121032;0.046967;male
i969;0.110142;0.04893;male
i970;0.110537;0.047198;male
i971;0.118052;0.047151;male
i972;0.112311;0.047059;male
i973;0.128274;0.048;male
i974;0.103908;0.047059;male
i975;0.114906;0.048096;male
i976;0.116599;0.048632;male
i977;0.11114;0.04893;male
i978;0.108046;0.047714;male
i979;0.120623;0.047809;male
i980;0.110393;0.047337;male
i981;0.10781;0.049689;male
i982;0.106738;0.049793;male
i983;0.115035;0.047059;male
i984;0.118165;0.047761;male
i985;0.116345;0.048436;male
i986;0.119759;0.048534;male
i987;0.11336;0.047337;male
i988;0.119556;0.047151;male
i989;0.116732;0.047809;male
i990;0.121035;0.047291;male
i991;0.105693;0.049536;male
i992;0.112889;0.046967;male
i993;0.107286;0.047244;male
i994;0.109277;0.047013;male
i995;0.083703;0.048583;male
i996;0.10618;0.047431;male
i997;0.103019;0.048534;male
i998;0.102816;0.047244;male
i999;0.097783;0.047525;male
i1000;0.098519;0.047059;male
i1001;0.093915;0.046921;male
i1002;0.093217;0.046921;male
i1003;0.078532;0.046921;male
i1004;0.118887;0.047198;male
i1005;0.092206;0.047105;male
i1006;0.099406;0.047856;male
i1007;0.111498;0.047619;male
i1008;0.106889;0.047013;male
i1009;0.076;0.047856;male
i1010;0.095556;0.047337;male
i1011;0.11301;0.047244;male
i1012;0.124918;0.047337;male
i1013;0.111858;0.047904;male
i1014;0.107515;0.047478;male
i1015;0.090769;0.047291;male
i1016;0.109949;0.047904;male
i1017;0.094535;0.047525;male
i1018;0.145274;0.048583;male
i1019;0.099534;0.047198;male
i1020;0.089541;0.046921;male
i1021;0.113353;0.048485;male
i1022;0.084205;0.047013;male
i1023;0.090455;0.047809;male
i1024;0.103478;0.046967;male
i1025;0.105698;0.047105;male
i1026;0.113291;0.048096;male
i1027;0.080257;0.047198;male
i1028;0.087339;0.047856;male
i1029;0.099077;0.047059;male
i1030;0.11428;0.047478;male
i1031;0.095875;0.046921;male
i1032;0.101818;0.047059;male
i1033;0.102707;0.047105;male
i1034;0.097689;0.047337;male
i1035;0.101359;0.046921;male
i1036;0.096433;0.047761;male
i1037;0.114947;0.047952;male
i1038;0.111023;0.047151;male
i1039;0.094621;0.047105;male
i1040;0.105128;0.047105;male
i1041;0.08656;0.046921;male
i1042;0.074744;0.047809;male
i1043;0.109135;0.047198;male
i1044;0.104893;0.047761;male
i1045;0.112243;0.047105;male
i1046;0.102308;0.047761;male
i1047;0.109505;0.047013;male
i1048;0.091643;0.047809;male
i1049;0.091031;0.046967;male
i1050;0.1148;0.047856;male
i1051;0.11777;0.048193;male
i1052;0.093012;0.047291;male
i1053;0.100205;0.047198;male
i1054;0.117153;0.047478;male
i1055;0.101364;0.047809;male
i1056;0.093205;0.047244;male
i1057;0.109062;0.05101;male
i1058;0.108138;0.047059;male
i1059;0.1225;0.047198;male
i1060;0.103158;0.047059;male
i1061;0.099123;0.047761;male
i1062;0.102756;0.04829;male
i1063;0.11397;0.046921;male
i1064;0.111831;0.047337;male
i1065;0.105827;0.047525;male
i1066;0.111049;0.04893;male
i1067;0.102237;0.047856;male
i1068;0.090137;0.047856;male
i1069;0.105946;0.04829;male
i1070;0.101494;0.047105;male
i1071;0.080825;0.047105;male
i1072;0.11551;0.047013;male
i1073;0.099917;0.051447;male
i1074;0.111043;0.048241;male
i1075;0.109796;0.048241;male
i1076;0.109388;0.05074;male
i1077;0.106715;0.047714;male
i1078;0.11043;0.049281;male
i1079;0.098391;0.047013;male
i1080;0.111034;0.047013;male
i1081;0.112;0.048;male
i1082;0.104844;0.049638;male
i1083;0.114892;0.048048;male
i1084;0.09641;0.047059;male
i1085;0.112487;0.047105;male
i1086;0.093789;0.047291;male
i1087;0.111608;0.047244;male
i1088;0.094286;0.047525;male
i1089;0.094357;0.050847;male
i1090;0.104174;0.047856;male
i1091;0.112998;0.047244;male
i1092;0.106667;0.051392;male
i1093;0.107327;0.047384;male
i1094;0.113431;0.048048;male
i1095;0.112091;0.046921;male
i1096;0.108889;0.050473;male
i1097;0.114019;0.047904;male
i1098;0.117247;0.046967;male
i1099;0.094357;0.047059;male
i1100;0.06402;0.050686;male
i1101;0.116394;0.05042;male
i1102;0.092161;0.051064;male
i1103;0.111019;0.047478;male
i1104;0.113035;0.047952;male
i1105;0.121642;0.047337;male
i1106;0.104604;0.048387;male
i1107;0.105;0.046967;male
i1108;0.101013;0.047666;male
i1109;0.113333;0.046921;male
i1110;0.099592;0.047809;male
i1111;0.122444;0.051447;male
i1112;0.11945;0.047478;male
i1113;0.108763;0.047619;male
i1114;0.102462;0.049332;male
i1115;0.114446;0.047105;male
i1116;0.123795;0.050686;male
i1117;0.114642;0.047198;male
i1118;0.101379;0.047105;male
i1119;0.103385;0.047714;male
i1120;0.113464;0.047059;male
i1121;0.062637;0.04913;male
i1122;0.123478;0.051948;male
i1123;0.093504;0.047291;male
i1124;0.110473;0.047478;male
i1125;0.104904;0.050847;male
i1126;0.106192;0.047198;male
i1127;0.122568;0.051557;male
i1128;0.106061;0.047478;male
i1129;0.113015;0.048338;male
i1130;0.114012;0.049741;male
i1131;0.127273;0.047291;male
i1132;0.118381;0.047714;male
i1133;0.114074;0.04918;male
i1134;0.103575;0.048048;male
i1135;0.078604;0.047666;male
i1136;0.125142;0.047761;male
i1137;0.1069;0.04883;male
i1138;0.109511;0.051502;male
i1139;0.104448;0.04913;male
i1140;0.10836;0.047431;male
i1141;0.117997;0.050209;male
i1142;0.110842;0.048534;male
i1143;0.105845;0.046921;male
i1144;0.117807;0.048144;male
i1145;0.115405;0.047572;male
i1146;0.106628;0.047198;male
i1147;0.121579;0.047013;male
i1148;0.100602;0.047105;male
i1149;0.106522;0.047013;male
i1150;0.089231;0.047291;male
i1151;0.113629;0.047952;male
i1152;0.122595;0.050209;male
i1153;0.119269;0.047714;male
i1154;0.118479;0.048682;male
i1155;0.120541;0.047525;male
i1156;0.10555;0.047244;male
i1157;0.115485;0.04913;male
i1158;0.111931;0.047478;male
i1159;0.121701;0.047714;male
i1160;0.116941;0.048048;male
i1161;0.112544;0.048387;male
i1162;0.117105;0.046921;male
i1163;0.126554;0.049281;male
i1164;0.118067;0.048534;male
i1165;0.116874;0.049485;male
i1166;0.115805;0.048096;male
i1167;0.107014;0.047761;male
i1168;0.102972;0.047337;male
i1169;0.117856;0.048632;male
i1170;0.119359;0.047904;male
i1171;0.106995;0.047619;male
i1172;0.121208;0.04898;male
i1173;0.105797;0.047809;male
i1174;0.118593;0.048144;male
i1175;0.120296;0.050104;male
i1176;0.10406;0.048144;male
i1177;0.123664;0.047478;male
i1178;0.114742;0.047761;male
i1179;0.121616;0.050955;male
i1180;0.124379;0.047714;male
i1181;0.128589;0.047714;male
i1182;0.123312;0.047525;male
i1183;0.118462;0.048;male
i1184;0.118711;0.049332;male
i1185;0.121633;0.048731;male
i1186;0.122857;0.047013;male
i1187;0.122526;0.046921;male
i1188;0.120565;0.051282;male
i1189;0.112482;0.047856;male
i1190;0.117916;0.047904;male
i1191;0.125886;0.046967;male
i1192;0.108206;0.050955;male
i1193;0.120816;0.048387;male
i1194;0.121616;0.053571;male
i1195;0.124797;0.047761;male
i1196;0.125815;0.048048;male
i1197;0.116499;0.048;male
i1198;0.118367;0.047525;male
i1199;0.11514;0.047478;male
i1200;0.123712;0.047059;male
i1201;0.120251;0.053751;male
i1202;0.127957;0.047013;male
i1203;0.11348;0.046967;male
i1204;0.118495;0.04898;male
i1205;0.125034;0.046967;male
i1206;0.116597;0.053751;male
i1207;0.119019;0.047666;male
i1208;0.120407;0.047151;male
i1209;0.123057;0.047013;male
i1210;0.11827;0.054299;male
i1211;0.114837;0.046921;male
i1212;0.113864;0.047151;male
i1213;0.125792;0.047809;male
i1214;0.114366;0.046967;male
i1215;0.119019;0.049434;male
i1216;0.119228;0.047337;male
i1217;0.116866;0.047198;male
i1218;0.12237;0.049793;male
i1219;0.120443;0.047291;male
i1220;0.119713;0.047059;male
i1221;0.112;0.047105;male
i1222;0.121201;0.049485;male
i1223;0.123642;0.046967;male
i1224;0.126522;0.047431;male
i1225;0.124194;0.047198;male
i1226;0.123059;0.049741;male
i1227;0.120421;0.04878;male
i1228;0.123817;0.047952;male
i1229;0.12203;0.047291;male
i1230;0.119714;0.047478;male
i1231;0.114576;0.047105;male
i1232;0.11435;0.047431;male
i1233;0.112063;0.047666;male
i1234;0.111337;0.047151;male
i1235;0.109579;0.047619;male
i1236;0.105088;0.047666;male
i1237;0.117829;0.047105;male
i1238;0.085281;0.04883;male
i1239;0.10146;0.047059;male
i1240;0.106382;0.046921;male
i1241;0.07;0.047105;male
i1242;0.110369;0.047525;male
i1243;0.102614;0.047059;male
i1244;0.115658;0.047714;male
i1245;0.086458;0.047059;male
i1246;0.121245;0.047572;male
i1247;0.07913;0.047151;male
i1248;0.108182;0.047619;male
i1249;0.099097;0.046967;male
i1250;0.112692;0.047291;male
i1251;0.098422;0.047856;male
i1252;0.093333;0.047666;male
i1253;0.094046;0.047151;male
i1254;0.118914;0.047151;male
i1255;0.097355;0.046921;male
i1256;0.113077;0.048436;male
i1257;0.091967;0.049741;male
i1258;0.116882;0.04829;male
i1259;0.096822;0.047244;male
i1260;0.117216;0.047244;male
i1261;0.114904;0.047904;male
i1262;0.097391;0.047619;male
i1263;0.125816;0.048338;male
i1264;0.12267;0.047059;male
i1265;0.116148;0.047105;male
i1266;0.114934;0.047572;male
i1267;0.089505;0.04878;male
i1268;0.084921;0.048193;male
i1269;0.119817;0.048193;male
i1270;0.099132;0.047431;male
i1271;0.109696;0.048;male
i1272;0.108447;0.048144;male
i1273;0.118169;0.047013;male
i1274;0.168567;0.04829;male
i1275;0.111935;0.047105;male
i1276;0.123057;0.046921;male
i1277;0.123735;0.047198;male
i1278;0.096883;0.047384;male
i1279;0.112836;0.047244;male
i1280;0.126952;0.047105;male
i1281;0.13337;0.048;male
i1282;0.12381;0.047151;male
i1283;0.131436;0.047619;male
i1284;0.094535;0.048387;male
i1285;0.111931;0.047059;male
i1286;0.114165;0.047013;male
i1287;0.103536;0.047198;male
i1288;0.115103;0.046921;male
i1289;0.11749;0.047059;male
i1290;0.117054;0.047714;male
i1291;0.098378;0.050901;male
i1292;0.10186;0.047291;male
i1293;0.095362;0.048;male
i1294;0.085416;0.047244;male
i1295;0.101897;0.049741;male
i1296;0.103353;0.047291;male
i1297;0.102;0.051392;male
i1298;0.095696;0.047431;male
i1299;0.089555;0.046967;male
i1300;0.10673;0.048387;male
i1301;0.103595;0.048;male
i1302;0.099731;0.046921;male
i1303;0.107877;0.048096;male
i1304;0.106419;0.048436;male
i1305;0.114286;0.048534;male
i1306;0.105053;0.047384;male
i1307;0.103106;0.047384;male
i1308;0.103639;0.048144;male
i1309;0.097764;0.047105;male
i1310;0.091709;0.047151;male
i1311;0.092803;0.047105;male
i1312;0.096027;0.048485;male
i1313;0.063299;0.046921;male
i1314;0.101581;0.047666;male
i1315;0.097896;0.047059;male
i1316;0.086882;0.047198;male
i1317;0.109919;0.047525;male
i1318;0.095152;0.047151;male
i1319;0.101959;0.047761;male
i1320;0.08306;0.050262;male
i1321;0.105;0.047572;male
i1322;0.106068;0.046921;male
i1323;0.090056;0.048436;male
i1324;0.100909;0.047198;male
i1325;0.103318;0.047198;male
i1326;0.108157;0.047337;male
i1327;0.106534;0.048;male
i1328;0.111914;0.048583;male
i1329;0.104463;0.046921;male
i1330;0.11163;0.047291;male
i1331;0.098378;0.047619;male
i1332;0.096835;0.047856;male
i1333;0.110385;0.047384;male
i1334;0.111462;0.047478;male
i1335;0.096349;0.046967;male
i1336;0.112343;0.046967;male
i1337;0.100827;0.047291;male
i1338;0.099216;0.049383;male
i1339;0.096266;0.047059;male
i1340;0.106111;0.046967;male
i1341;0.090273;0.047198;male
i1342;0.087761;0.048241;male
i1343;0.100956;0.047478;male
i1344;0.092099;0.048682;male
i1345;0.104863;0.047013;male
i1346;0.101635;0.047856;male
i1347;0.096072;0.047384;male
i1348;0.103468;0.046967;male
i1349;0.101441;0.047478;male
i1350;0.101979;0.047151;male
i1351;0.126266;0.047151;male
i1352;0.114489;0.047619;male
i1353;0.100679;0.048048;male
i1354;0.105479;0.047856;male
i1355;0.107107;0.047431;male
i1356;0.084933;0.047525;male
i1357;0.108657;0.047105;male
i1358;0.094989;0.04888;male
i1359;0.117774;0.046921;male
i1360;0.113434;0.047856;male
i1361;0.112603;0.047151;male
i1362;0.111901;0.052805;male
i1363;0.098161;0.048731;male
i1364;0.104943;0.051836;male
i1365;0.107436;0.047572;male
i1366;0.102123;0.047337;male
i1367;0.114885;0.051724;male
i1368;0.106687;0.047384;male
i1369;0.112895;0.047809;male
i1370;0.110758;0.053872;male
i1371;0.103986;0.047059;male
i1372;0.106607;0.047525;male
i1373;0.106193;0.047478;male
i1374;0.118479;0.049896;male
i1375;0.102052;0.050052;male
i1376;0.102857;0.047525;male
i1377;0.09962;0.047151;male
i1378;0.111749;0.052231;male
i1379;0.116529;0.050052;male
i1380;0.089982;0.047384;male
i1381;0.096119;0.046967;male
i1382;0.105762;0.047291;male
i1383;0.117099;0.048048;male
i1384;0.095846;0.048485;male
i1385;0.108182;0.047244;male
i1386;0.09702;0.047761;male
i1387;0.09589;0.051118;male
i1388;0.113927;0.047431;male
i1389;0.088935;0.04829;male
i1390;0.106571;0.049434;male
i1391;0.093475;0.047384;male
i1392;0.113106;0.047572;male
i1393;0.090987;0.047572;male
i1394;0.07701;0.04883;male
i1395;0.091971;0.046967;male
i1396;0.089362;0.049587;male
i1397;0.111712;0.047572;male
i1398;0.095722;0.048387;male
i1399;0.108325;0.048731;male
i1400;0.114333;0.048534;male
i1401;0.122641;0.050526;male
i1402;0.078469;0.046967;male
i1403;0.107029;0.046921;male
i1404;0.113623;0.048096;male
i1405;0.11283;0.04913;male
i1406;0.101647;0.050847;male
i1407;0.116202;0.047384;male
i1408;0.118691;0.047337;male
i1409;0.109118;0.047904;male
i1410;0.114074;0.050104;male
i1411;0.097391;0.057007;male
i1412;0.10674;0.048682;male
i1413;0.090643;0.047105;male
i1414;0.089315;0.046921;male
i1415;0.095385;0.047431;male
i1416;0.087352;0.046967;male
i1417;0.08259;0.048193;male
i1418;0.078294;0.046921;male
i1419;0.076194;0.047291;male
i1420;0.083796;0.047291;male
i1421;0.09123;0.049793;male
i1422;0.08788;0.047151;male
i1423;0.088448;0.048096;male
i1424;0.083575;0.046967;male
i1425;0.080742;0.048193;male
i1426;0.08669;0.047151;male
i1427;0.095429;0.047666;male
i1428;0.077619;0.047384;male
i1429;0.084528;0.052288;male
i1430;0.074841;0.04918;male
i1431;0.08878;0.048048;male
i1432;0.096536;0.048731;male
i1433;0.1;0.047198;male
i1434;0.093641;0.047244;male
i1435;0.077878;0.047384;male
i1436;0.095776;0.049741;male
i1437;0.091216;0.047666;male
i1438;0.086184;0.047478;male
i1439;0.091577;0.049383;male
i1440;0.106689;0.047384;male
i1441;0.098307;0.048338;male
i1442;0.082477;0.046921;male
i1443;0.078963;0.046921;male
i1444;0.090873;0.048048;male
i1445;0.095842;0.047666;male
i1446;0.087901;0.046967;male
i1447;0.090588;0.053333;male
i1448;0.099124;0.047151;male
i1449;0.094424;0.05058;male
i1450;0.095853;0.05;male
i1451;0.098689;0.047904;male
i1452;0.063453;0.047151;male
i1453;0.081358;0.048144;male
i1454;0.113566;0.047105;male
i1455;0.105;0.050314;male
i1456;0.080513;0.048193;male
i1457;0.092821;0.047809;male
i1458;0.105703;0.047198;male
i1459;0.097186;0.047904;male
i1460;0.10513;0.05042;male
i1461;0.084094;0.047572;male
i1462;0.101079;0.047478;male
i1463;0.119487;0.04829;male
i1464;0.088769;0.048048;male
i1465;0.113771;0.048241;male
i1466;0.090759;0.047291;male
i1467;0.082127;0.047478;male
i1468;0.101684;0.047291;male
i1469;0.092603;0.047904;male
i1470;0.104;0.048534;male
i1471;0.112974;0.016377;male
i1472;0.120572;0.016789;male
i1473;0.147503;0.017112;male
i1474;0.08092;0.017003;male
i1475;0.061168;0.017621;male
i1476;0.093552;0.01907;male
i1477;0.078359;0.018519;male
i1478;0.068046;0.017917;male
i1479;0.086007;0.018244;male
i1480;0.096723;0.018935;male
i1481;0.08005;0.022631;male
i1482;0.088191;0.01564;male
i1483;0.089719;0.017719;male
i1484;0.105718;0.023121;male
i1485;0.102204;0.016512;male
i1486;0.105457;0.01631;male
i1487;0.098776;0.015733;male
i1488;0.106601;0.016615;male
i1489;0.10613;0.016194;male
i1490;0.113911;0.016754;male
i1491;0.120584;0.022191;male
i1492;0.118029;0.016546;male
i1493;0.14245;0.017003;male
i1494;0.125301;0.017241;male
i1495;0.121919;0.016048;male
i1496;0.137462;0.030132;male
i1497;0.17271;0.018801;male
i1498;0.125567;0.025157;male
i1499;0.123598;0.049689;male
i1500;0.113946;0.017354;male
i1501;0.112582;0.070485;male
i1502;0.146521;0.015686;male
i1503;0.116639;0.01626;male
i1504;0.150756;0.019185;male
i1505;0.151406;0.01564;male
i1506;0.112644;0.016512;male
i1507;0.112859;0.020539;male
i1508;0.165625;0.015686;male
i1509;0.120054;0.016293;male
i1510;0.115793;0.016495;male
i1511;0.12213;0.015779;male
i1512;0.145367;0.016842;male
i1513;0.158496;0.015984;male
i1514;0.107059;0.028219;male
i1515;0.134116;0.016244;male
i1516;0.140467;0.018038;male
i1517;0.123451;0.020645;male
i1518;0.122239;0.019704;male
i1519;0.120638;0.027875;male
i1520;0.140942;0.015873;male
i1521;0.119865;0.030476;male
i1522;0.163179;0.018244;male
i1523;0.126511;0.020833;male
i1524;0.159033;0.015686;male
i1525;0.111204;0.015936;male
i1526;0.12533;0.018391;male
i1527;0.162342;0.015857;male
i1528;0.147374;0.017957;male
i1529;0.132083;0.017186;male
i1530;0.121187;0.016807;male
i1531;0.125873;0.015656;male
i1532;0.11324;0.015936;male
i1533;0.112551;0.021834;male
i1534;0.109022;0.014514;male
i1535;0.109459;0.049505;male
i1536;0.107407;0.084746;male
i1537;0.105544;0.036765;male
i1538;0.103074;0.03367;male
i1539;0.104691;0.020619;male
i1540;0.101191;0.030769;male
i1541;0.10654;0.029851;male
i1542;0.10801;0.035336;male
i1543;0.109118;0.031153;male
i1544;0.107692;0.034843;male
i1545;0.108936;0.028902;male
i1546;0.112402;0.044053;male
i1547;0.106708;0.035088;male
i1548;0.110112;0.026882;male
i1549;0.112812;0.039216;male
i1550;0.107297;0.015456;male
i1551;0.106382;0.067568;male
i1552;0.109899;0.056497;male
i1553;0.109407;0.020202;male
i1554;0.109071;0.030769;male
i1555;0.11242;0.024814;male
i1556;0.108813;0.036232;male
i1557;0.113143;0.043668;male
i1558;0.113168;0.040323;male
i1559;0.126284;0.019531;male
i1560;0.125566;0.044444;male
i1561;0.112525;0.060606;male
i1562;0.110917;0.038462;male
i1563;0.113131;0.027855;male
i1564;0.112424;0.054348;male
i1565;0.110303;0.024814;male
i1566;0.109036;0.02584;male
i1567;0.110147;0.079365;male
i1568;0.107461;0.042373;male
i1569;0.107719;0.015083;male
i1570;0.106508;0.019084;male
i1571;0.104372;0.017857;male
i1572;0.105899;0.045662;male
i1573;0.109358;0.028011;male
i1574;0.109684;0.010953;male
i1575;0.110758;0.035971;male
i1576;0.109458;0.041667;male
i1577;0.109297;0.052083;male
i1578;0.105089;0.048077;male
i1579;0.103167;0.034247;male
i1580;0.104186;0.040816;male
i1581;0.111032;0.013369;male
i1582;0.117858;0.044053;male
i1583;0.111593;0.019231;male
i1584;0.108918;0.079365;male
i1585;0.162202;0.023022;female
i1586;0.050579;0.018713;female
i1587;0.051265;0.016194;female
i1588;0.075344;0.024922;female
i1589;0.059416;0.016807;female
i1590;0.058248;0.015936;female
i1591;0.113291;0.016842;female
i1592;0.063046;0.016754;female
i1593;0.052824;0.016684;female
i1594;0.047248;0.015764;female
i1595;0.044129;0.032854;female
i1596;0.042572;0.015826;female
i1597;0.059583;0.059259;female
i1598;0.055771;0.018913;female
i1599;0.0633;0.015842;female
i1600;0.049626;0.016495;female
i1601;0.169725;0.061776;female
i1602;0.122604;0.015857;female
i1603;0.163528;0.036199;female
i1604;0.169705;0.055556;female
i1605;0.165128;0.016;female
i1606;0.163136;0.041667;female
i1607;0.181481;0.057348;female
i1608;0.109923;0.026059;female
i1609;0.167092;0.032787;female
i1610;0.149403;0.068966;female
i1611;0.13909;0.016684;female
i1612;0.150479;0.050794;female
i1613;0.129984;0.040921;female
i1614;0.161021;0.03125;female
i1615;0.186555;0.105263;female
i1616;0.050838;0.016649;female
i1617;0.048195;0.016113;female
i1618;0.046702;0.016684;female
i1619;0.140863;0.016667;female
i1620;0.044828;0.016048;female
i1621;0.043097;0.018265;female
i1622;0.067784;0.015748;female
i1623;0.0536;0.016842;female
i1624;0.054435;0.017354;female
i1625;0.042658;0.025518;female
i1626;0.036819;0.022631;female
i1627;0.040763;0.017186;female
i1628;0.051548;0.029575;female
i1629;0.092731;0.015889;female
i1630;0.088533;0.020075;female
i1631;0.067364;0.015733;female
i1632;0.041858;0.016129;female
i1633;0.035785;0.016327;female
i1634;0.046667;0.015656;female
i1635;0.050962;0.036117;female
i1636;0.061125;0.017621;female
i1637;0.041877;0.015764;female
i1638;0.064891;0.015873;female
i1639;0.052157;0.021025;female
i1640;0.070644;0.016194;female
i1641;0.05857;0.019975;female
i1642;0.051766;0.069565;female
i1643;0.05938;0.021978;female
i1644;0.100362;0.017279;female
i1645;0.04429;0.018846;female
i1646;0.050644;0.016145;female
i1647;0.065696;0.016227;female
i1648;0.073087;0.018265;female
i1649;0.160143;0.041995;female
i1650;0.140961;0.017582;female
i1651;0.152412;0.026273;female
i1652;0.120748;0.053512;female
i1653;0.171771;0.168421;female
i1654;0.145337;0.02852;female
i1655;0.161815;0.016667;female
i1656;0.152702;0.066667;female
i1657;0.167222;0.03252;female
i1658;0.173916;0.042895;female
i1659;0.154853;0.017241;female
i1660;0.171057;0.030189;female
i1661;0.133556;0.0625;female
i1662;0.170299;0.086486;female
i1663;0.127113;0.02168;female
i1664;0.173638;0.027397;female
i1665;0.125746;0.044444;female
i1666;0.171343;0.063492;female
i1667;0.144142;0.033827;female
i1668;0.175695;0.016684;female
i1669;0.171881;0.019277;female
i1670;0.170099;0.030189;female
i1671;0.167867;0.038647;female
i1672;0.156139;0.017778;female
i1673;0.155121;0.018824;female
i1674;0.162288;0.069264;female
i1675;0.171255;0.045845;female
i1676;0.163236;0.041451;female
i1677;0.195527;0.020075;female
i1678;0.154851;0.041885;female
i1679;0.093882;0.016064;female
i1680;0.059029;0.015952;female
i1681;0.078596;0.016667;female
i1682;0.138239;0.017297;female
i1683;0.137067;0.01608;female
i1684;0.164619;0.016985;female
i1685;0.148263;0.01658;female
i1686;0.108423;0.016667;female
i1687;0.122901;0.016684;female
i1688;0.117709;0.017525;female
i1689;0.173781;0.051118;female
i1690;0.181459;0.016016;female
i1691;0.162527;0.0625;female
i1692;0.174299;0.034632;female
i1693;0.179638;0.017316;female
i1694;0.170829;0.016427;female
i1695;0.131695;0.059925;female
i1696;0.037318;0.016632;female
i1697;0.123986;0.015842;female
i1698;0.077796;0.019093;female
i1699;0.049688;0.016701;female
i1700;0.168;0.016754;female
i1701;0.056881;0.017621;female
i1702;0.057632;0.016736;female
i1703;0.056766;0.016444;female
i1704;0.064551;0.017429;female
i1705;0.146823;0.016227;female
i1706;0.031603;0.015984;female
i1707;0.02587;0.02005;female
i1708;0.025978;0.064777;female
i1709;0.0276;0.01581;female
i1710;0.03603;0.021136;female
i1711;0.022623;0.016931;female
i1712;0.035939;0.029091;female
i1713;0.032623;0.062745;female
i1714;0.025351;0.017204;female
i1715;0.025059;0.060837;female
i1716;0.014922;0.017758;female
i1717;0.073439;0.01907;female
i1718;0.052034;0.019277;female
i1719;0.093271;0.01581;female
i1720;0.062262;0.016162;female
i1721;0.037479;0.01564;female
i1722;0.048424;0.01581;female
i1723;0.042256;0.016736;female
i1724;0.030222;0.015717;female
i1725;0.046427;0.016;female
i1726;0.06932;0.016129;female
i1727;0.153725;0.026578;female
i1728;0.165513;0.022695;female
i1729;0.127503;0.020833;female
i1730;0.079299;0.047478;female
i1731;0.132908;0.095238;female
i1732;0.109033;0.0199;female
i1733;0.023126;0.073394;female
i1734;0.040033;0.016427;female
i1735;0.042381;0.015936;female
i1736;0.036018;0.017316;female
i1737;0.157128;0.015889;female
i1738;0.029474;0.026144;female
i1739;0.048414;0.044693;female
i1740;0.034096;0.016478;female
i1741;0.033356;0.016016;female
i1742;0.035364;0.015702;female
i1743;0.039414;0.016754;female
i1744;0.033143;0.037647;female
i1745;0.03643;0.036782;female
i1746;0.029175;0.081633;female
i1747;0.029075;0.022567;female
i1748;0.022462;0.019753;female
i1749;0.021048;0.016145;female
i1750;0.034167;0.016113;female
i1751;0.026963;0.026622;female
i1752;0.027772;0.044321;female
i1753;0.023684;0.084656;female
i1754;0.029662;0.051613;female
i1755;0.030131;0.085561;female
i1756;0.033649;0.017467;female
i1757;0.021047;0.016211;female
i1758;0.030583;0.05694;female
i1759;0.105502;0.017937;female
i1760;0.030833;0.055172;female
i1761;0.032941;0.021563;female
i1762;0.040584;0.038462;female
i1763;0.033448;0.017241;female
i1764;0.028817;0.042895;female
i1765;0.035345;0.07767;female
i1766;0.024603;0.049231;female
i1767;0.039483;0.033333;female
i1768;0.026486;0.029851;female
i1769;0.128281;0.02346;female
i1770;0.027933;0.037383;female
i1771;0.016585;0.016667;female
i1772;0.040299;0.091429;female
i1773;0.035686;0.017978;female
i1774;0.031517;0.060837;female
i1775;0.026771;0.032389;female
i1776;0.022581;0.036697;female
i1777;0.024571;0.158416;female
i1778;0.030427;0.067797;female
i1779;0.030783;0.034335;female
i1780;0.037263;0.042105;female
i1781;0.022382;0.027257;female
i1782;0.038621;0.081633;female
i1783;0.019254;0.146789;female
i1784;0.024176;0.066946;female
i1785;0.048276;0.040404;female
i1786;0.025455;0.016427;female
i1787;0.029486;0.021448;female
i1788;0.027467;0.033058;female
i1789;0.034332;0.018824;female
i1790;0.033704;0.01608;female
i1791;0.028373;0.017149;female
i1792;0.026655;0.037647;female
i1793;0.032016;0.016529;female
i1794;0.033326;0.029795;female
i1795;0.03709;0.030132;female
i1796;0.030299;0.05298;female
i1797;0.025007;0.016377;female
i1798;0.029258;0.019048;female
i1799;0.023032;0.021277;female
i1800;0.027906;0.054795;female
i1801;0.020955;0.016097;female
i1802;0.024889;0.016244;female
i1803;0.038182;0.024502;female
i1804;0.028385;0.01837;female
i1805;0.024338;0.029412;female
i1806;0.02292;0.020833;female
i1807;0.025568;0.019608;female
i1808;0.048729;0.042781;female
i1809;0.029655;0.03125;female
i1810;0.02169;0.037037;female
i1811;0.030347;0.078049;female
i1812;0.046376;0.024653;female
i1813;0.040952;0.075472;female
i1814;0.034262;0.153846;female
i1815;0.017567;0.024169;female
i1816;0.035464;0.024169;female
i1817;0.024381;0.08;female
i1818;0.036277;0.043597;female
i1819;0.027786;0.018161;female
i1820;0.021175;0.043478;female
i1821;0.043077;0.04611;female
i1822;0.039206;0.018757;female
i1823;0.022355;0.061776;female
i1824;0.034529;0.029304;female
i1825;0.023364;0.020699;female
i1826;0.031346;0.016684;female
i1827;0.034693;0.047337;female
i1828;0.020225;0.025;female
i1829;0.025215;0.064777;female
i1830;0.034045;0.01564;female
i1831;0.041921;0.043956;female
i1832;0.024912;0.025078;female
i1833;0.030233;0.072727;female
i1834;0.024915;0.079602;female
i1835;0.031518;0.026316;female
i1836;0.033093;0.065306;female
i1837;0.032153;0.069565;female
i1838;0.039872;0.063241;female
i1839;0.033785;0.044944;female
i1840;0.027248;0.031434;female
i1841;0.040247;0.037037;female
i1842;0.019226;0.015702;female
i1843;0.035799;0.017877;female
i1844;0.0544;0.017094;female
i1845;0.055808;0.017372;female
i1846;0.062588;0.016649;female
i1847;0.037685;0.015733;female
i1848;0.0696;0.016913;female
i1849;0.069045;0.01741;female
i1850;0.085512;0.018265;female
i1851;0.06212;0.016667;female
i1852;0.052356;0.016684;female
i1853;0.061067;0.016444;female
i1854;0.044458;0.017857;female
i1855;0.04183;0.024427;female
i1856;0.051046;0.016913;female
i1857;0.050736;0.016967;female
i1858;0.045904;0.016512;female
i1859;0.048668;0.01564;female
i1860;0.036146;0.017039;female
i1861;0.063112;0.015748;female
i1862;0.042828;0.01867;female
i1863;0.067065;0.047478;female
i1864;0.170738;0.017544;female
i1865;0.128467;0.06867;female
i1866;0.166493;0.054054;female
i1867;0.174542;0.016824;female
i1868;0.164235;0.032064;female
i1869;0.133358;0.020382;female
i1870;0.149608;0.018454;female
i1871;0.175129;0.021053;female
i1872;0.11097;0.020151;female
i1873;0.167149;0.081633;female
i1874;0.04977;0.01564;female
i1875;0.058388;0.022409;female
i1876;0.068716;0.032787;female
i1877;0.05622;0.016244;female
i1878;0.061677;0.01631;female
i1879;0.061869;0.022535;female
i1880;0.051312;0.018433;female
i1881;0.061931;0.040609;female
i1882;0.048986;0.016393;female
i1883;0.043473;0.024883;female
i1884;0.070572;0.016162;female
i1885;0.072775;0.015686;female
i1886;0.074453;0.016048;female
i1887;0.102782;0.016194;female
i1888;0.047838;0.015889;female
i1889;0.056968;0.015936;female
i1890;0.106108;0.017279;female
i1891;0.051721;0.023358;female
i1892;0.044356;0.016097;female
i1893;0.140881;0.016598;female
i1894;0.053132;0.01686;female
i1895;0.069725;0.016632;female
i1896;0.073291;0.019488;female
i1897;0.063181;0.016754;female
i1898;0.058693;0.016667;female
i1899;0.065482;0.016529;female
i1900;0.06184;0.01658;female
i1901;0.066818;0.018307;female
i1902;0.044665;0.021277;female
i1903;0.058583;0.01564;female
i1904;0.058702;0.056338;female
i1905;0.039383;0.016427;female
i1906;0.082588;0.015952;female
i1907;0.056185;0.021136;female
i1908;0.092552;0.016113;female
i1909;0.093879;0.032454;female
i1910;0.076403;0.015842;female
i1911;0.042637;0.01564;female
i1912;0.113724;0.016129;female
i1913;0.109344;0.016;female
i1914;0.104794;0.016293;female
i1915;0.161824;0.016211;female
i1916;0.124902;0.023881;female
i1917;0.136088;0.015748;female
i1918;0.128656;0.020151;female
i1919;0.141437;0.016244;female
i1920;0.119458;0.019851;female
i1921;0.115922;0.017186;female
i1922;0.239746;0.016;female
i1923;0.231953;0.016913;female
i1924;0.240995;0.016;female
i1925;0.245965;0.015968;female
i1926;0.2453;0.015984;female
i1927;0.240673;0.016048;female
i1928;0.236307;0.017094;female
i1929;0.248192;0.016113;female
i1930;0.252225;0.016632;female
i1931;0.24877;0.016771;female
i1932;0.073709;0.027257;female
i1933;0.10475;0.016162;female
i1934;0.059603;0.026936;female
i1935;0.078412;0.030075;female
i1936;0.094761;0.016913;female
i1937;0.098519;0.033543;female
i1938;0.092088;0.023222;female
i1939;0.162637;0.027634;female
i1940;0.040547;0.017505;female
i1941;0.091659;0.015764;female
i1942;0.036618;0.021622;female
i1943;0.044678;0.023121;female
i1944;0.045752;0.027119;female
i1945;0.029874;0.017778;female
i1946;0.031022;0.029685;female
i1947;0.043483;0.037915;female
i1948;0.070851;0.017837;female
i1949;0.02951;0.025932;female
i1950;0.045858;0.020725;female
i1951;0.036238;0.07619;female
i1952;0.03937;0.021769;female
i1953;0.038662;0.017335;female
i1954;0.04044;0.028269;female
i1955;0.031437;0.020253;female
i1956;0.038687;0.062016;female
i1957;0.033969;0.01766;female
i1958;0.047319;0.018519;female
i1959;0.042859;0.06015;female
i1960;0.036513;0.016842;female
i1961;0.172462;0.084211;female
i1962;0.154729;0.021164;female
i1963;0.139448;0.044321;female
i1964;0.16927;0.019632;female
i1965;0.065129;0.016512;female
i1966;0.054593;0.016048;female
i1967;0.069307;0.018328;female
i1968;0.059645;0.01658;female
i1969;0.05016;0.016097;female
i1970;0.055563;0.022567;female
i1971;0.05564;0.015733;female
i1972;0.050631;0.019925;female
i1973;0.053514;0.01636;female
i1974;0.033749;0.018692;female
i1975;0.137437;0.040506;female
i1976;0.174029;0.065844;female
i1977;0.178147;0.043716;female
i1978;0.162808;0.133333;female
i1979;0.04629;0.029851;female
i1980;0.038019;0.034043;female
i1981;0.026968;0.01766;female
i1982;0.030998;0.134454;female
i1983;0.045362;0.01995;female
i1984;0.047538;0.053872;female
i1985;0.050736;0.020833;female
i1986;0.04292;0.030651;female
i1987;0.029062;0.085106;female
i1988;0.049074;0.022792;female
i1989;0.051082;0.022504;female
i1990;0.066891;0.017149;female
i1991;0.076376;0.016771;female
i1992;0.066043;0.022504;female
i1993;0.058912;0.017917;female
i1994;0.050864;0.015686;female
i1995;0.059725;0.016563;female
i1996;0.061173;0.01995;female
i1997;0.060921;0.09697;female
i1998;0.138551;0.043716;female
i1999;0.063266;0.027073;female
i2000;0.099325;0.015936;female
i2001;0.08201;0.016649;female
i2002;0.053598;0.019656;female
i2003;0.175044;0.018824;female
i2004;0.189385;0.031434;female
i2005;0.059602;0.0256;female
i2006;0.179684;0.021769;female
i2007;0.122587;0.018824;female
i2008;0.185085;0.021769;female
i2009;0.162649;0.026891;female
i2010;0.16927;0.031746;female
i2011;0.099342;0.02005;female
i2012;0.162227;0.030534;female
i2013;0.167199;0.07767;female
i2014;0.165598;0.032323;female
i2015;0.159194;0.017877;female
i2016;0.178255;0.016277;female
i2017;0.059775;0.01898;female
i2018;0.061731;0.025437;female
i2019;0.036421;0.0193;female
i2020;0.124741;0.018935;female
i2021;0.087232;0.018412;female
i2022;0.03817;0.019231;female
i2023;0.06554;0.017094;female
i2024;0.05608;0.016129;female
i2025;0.047422;0.028571;female
i2026;0.053935;0.02289;female
i2027;0.201725;0.01726;female
i2028;0.19927;0.016227;female
i2029;0.190381;0.018497;female
i2030;0.214391;0.016736;female
i2031;0.188748;0.016211;female
i2032;0.037398;0.02589;female
i2033;0.03352;0.018868;female
i2034;0.033975;0.016754;female
i2035;0.04198;0.04;female
i2036;0.027685;0.018757;female
i2037;0.039173;0.016949;female
i2038;0.049903;0.017448;female
i2039;0.038247;0.023634;female
i2040;0.040691;0.01608;female
i2041;0.041784;0.017641;female
i2042;0.047495;0.026891;female
i2043;0.068954;0.016667;female
i2044;0.063556;0.021053;female
i2045;0.063277;0.017525;female
i2046;0.060104;0.015873;female
i2047;0.051491;0.016842;female
i2048;0.048204;0.017094;female
i2049;0.028739;0.02139;female
i2050;0.038551;0.016824;female
i2051;0.036751;0.02454;female
i2052;0.039002;0.023426;female
i2053;0.026205;0.015905;female
i2054;0.031213;0.017525;female
i2055;0.024696;0.020645;female
i2056;0.029474;0.025;female
i2057;0.028904;0.01686;female
i2058;0.027132;0.03125;female
i2059;0.071851;0.017335;female
i2060;0.048229;0.045326;female
i2061;0.07831;0.016667;female
i2062;0.061255;0.016129;female
i2063;0.047245;0.031558;female
i2064;0.05085;0.019324;female
i2065;0.058052;0.016145;female
i2066;0.097562;0.015984;female
i2067;0.047734;0.01631;female
i2068;0.039247;0.015826;female
i2069;0.160199;0.069264;female
i2070;0.076072;0.018626;female
i2071;0.096544;0.01626;female
i2072;0.116385;0.016771;female
i2073;0.124387;0.015826;female
i2074;0.136636;0.015656;female
i2075;0.117783;0.017297;female
i2076;0.146776;0.016113;female
i2077;0.094572;0.031311;female
i2078;0.157046;0.022567;female
i2079;0.028824;0.01898;female
i2080;0.028582;0.017223;female
i2081;0.035118;0.035714;female
i2082;0.024193;0.023121;female
i2083;0.027532;0.023358;female
i2084;0.028172;0.023774;female
i2085;0.026918;0.016097;female
i2086;0.033763;0.022346;female
i2087;0.033131;0.025723;female
i2088;0.027461;0.131148;female
i2089;0.036493;0.023881;female
i2090;0.025358;0.026059;female
i2091;0.035;0.026936;female
i2092;0.030108;0.016227;female
i2093;0.033118;0.090395;female
i2094;0.040441;0.01631;female
i2095;0.032337;0.019584;female
i2096;0.030758;0.035398;female
i2097;0.039211;0.019488;female
i2098;0.026087;0.0193;female
i2099;0.021377;0.015702;female
i2100;0.023642;0.040609;female
i2101;0.043346;0.015779;female
i2102;0.028326;0.034557;female
i2103;0.021905;0.024279;female
i2104;0.028777;0.01592;female
i2105;0.034483;0.026801;female
i2106;0.020773;0.033755;female
i2107;0.027654;0.020151;female
i2108;0.024551;0.024502;female
i2109;0.031526;0.01631;female
i2110;0.033425;0.017112;female
i2111;0.031323;0.017857;female
i2112;0.038451;0.049231;female
i2113;0.03;0.023495;female
i2114;0.028952;0.01631;female
i2115;0.031246;0.016512;female
i2116;0.028163;0.125;female
i2117;0.033202;0.0181;female
i2118;0.026473;0.015857;female
i2119;0.029187;0.016244;female
i2120;0.044671;0.02952;female
i2121;0.027819;0.016895;female
i2122;0.039473;0.02812;female
i2123;0.02885;0.016478;female
i2124;0.042581;0.019002;female
i2125;0.027368;0.018141;female
i2126;0.026667;0.020305;female
i2127;0.026353;0.017817;female
i2128;0.034369;0.015686;female
i2129;0.030651;0.01608;female
i2130;0.02819;0.029907;female
i2131;0.027518;0.020151;female
i2132;0.033326;0.028269;female
i2133;0.024489;0.065574;female
i2134;0.029927;0.018692;female
i2135;0.026595;0.017279;female
i2136;0.025166;0.017897;female
i2137;0.022958;0.034043;female
i2138;0.028255;0.015936;female
i2139;0.02654;0.079208;female
i2140;0.023789;0.019116;female
i2141;0.034245;0.016;female
i2142;0.035219;0.017563;female
i2143;0.032842;0.018391;female
i2144;0.025455;0.022504;female
i2145;0.040899;0.016967;female
i2146;0.024738;0.01854;female
i2147;0.027193;0.026273;female
i2148;0.03836;0.025641;female
i2149;0.030777;0.023495;female
i2150;0.025719;0.038835;female
i2151;0.03;0.033543;female
i2152;0.025204;0.017167;female
i2153;0.026636;0.015671;female
i2154;0.026545;0.016461;female
i2155;0.022449;0.016244;female
i2156;0.019353;0.016145;female
i2157;0.028565;0.01741;female
i2158;0.018634;0.060377;female
i2159;0.031012;0.016129;female
i2160;0.028333;0.029795;female
i2161;0.028463;0.017316;female
i2162;0.03015;0.034409;female
i2163;0.021994;0.025157;female
i2164;0.024514;0.019876;female
i2165;0.035873;0.111111;female
i2166;0.042527;0.0181;female
i2167;0.03485;0.096386;female
i2168;0.02831;0.0399;female
i2169;0.034511;0.04908;female
i2170;0.028323;0.087432;female
i2171;0.030069;0.031809;female
i2172;0.032711;0.015779;female
i2173;0.023947;0.015984;female
i2174;0.026531;0.025723;female
i2175;0.024889;0.022857;female
i2176;0.032262;0.01898;female
i2177;0.025484;0.016684;female
i2178;0.038914;0.023256;female
i2179;0.050945;0.047384;female
i2180;0.049875;0.047761;female
i2181;0.076719;0.047384;female
i2182;0.085303;0.047244;female
i2183;0.052684;0.047105;female
i2184;0.066041;0.047151;female
i2185;0.115119;0.047059;female
i2186;0.077738;0.046921;female
i2187;0.042038;0.049844;female
i2188;0.061185;0.046967;female
i2189;0.048868;0.046921;female
i2190;0.054027;0.04908;female
i2191;0.057164;0.046967;female
i2192;0.062272;0.048731;female
i2193;0.065045;0.047151;female
i2194;0.132234;0.048485;female
i2195;0.046129;0.047291;female
i2196;0.059239;0.047572;female
i2197;0.052393;0.047809;female
i2198;0.069005;0.047666;female
i2199;0.048901;0.047105;female
i2200;0.080351;0.047105;female
i2201;0.085155;0.047761;female
i2202;0.047684;0.048682;female
i2203;0.036556;0.048048;female
i2204;0.044333;0.047151;female
i2205;0.046369;0.047151;female
i2206;0.05455;0.047291;female
i2207;0.051014;0.047666;female
i2208;0.059187;0.047337;female
i2209;0.038459;0.047666;female
i2210;0.118462;0.055109;female
i2211;0.036289;0.049638;female
i2212;0.087221;0.053097;female
i2213;0.079506;0.050526;female
i2214;0.038247;0.046967;female
i2215;0.059155;0.047151;female
i2216;0.042609;0.047666;female
i2217;0.0555;0.047198;female
i2218;0.043644;0.048;female
i2219;0.049592;0.047384;female
i2220;0.149565;0.047856;female
i2221;0.039443;0.04878;female
i2222;0.029152;0.046921;female
i2223;0.046605;0.047013;female
i2224;0.050561;0.047291;female
i2225;0.083465;0.047013;female
i2226;0.080228;0.047714;female
i2227;0.073794;0.047291;female
i2228;0.069086;0.047384;female
i2229;0.123922;0.047431;female
i2230;0.042241;0.047105;female
i2231;0.043434;0.047761;female
i2232;0.043141;0.047714;female
i2233;0.032523;0.046921;female
i2234;0.042142;0.047525;female
i2235;0.1064;0.04918;female
i2236;0.052724;0.047384;female
i2237;0.062841;0.04883;female
i2238;0.016587;0.047013;female
i2239;0.180258;0.027923;female
i2240;0.157855;0.048485;female
i2241;0.163764;0.020025;female
i2242;0.155057;0.075829;female
i2243;0.135062;0.056537;female
i2244;0.170938;0.036782;female
i2245;0.049487;0.019975;female
i2246;0.056607;0.015733;female
i2247;0.062641;0.015857;female
i2248;0.038054;0.015905;female
i2249;0.049422;0.016393;female
i2250;0.060443;0.015968;female
i2251;0.053846;0.015889;female
i2252;0.05584;0.016032;female
i2253;0.058583;0.01592;female
i2254;0.052157;0.016719;female
i2255;0.135863;0.16;female
i2256;0.151859;0.015857;female
i2257;0.157096;0.029907;female
i2258;0.164635;0.031008;female
i2259;0.175542;0.024096;female
i2260;0.168583;0.021592;female
i2261;0.154498;0.044818;female
i2262;0.155575;0.034483;female
i2263;0.118738;0.035165;female
i2264;0.033807;0.047059;female
i2265;0.034286;0.048144;female
i2266;0.042043;0.049638;female
i2267;0.029927;0.058608;female
i2268;0.031537;0.047619;female
i2269;0.029697;0.047525;female
i2270;0.053462;0.047714;female
i2271;0.044752;0.048338;female
i2272;0.03245;0.047761;female
i2273;0.030518;0.047761;female
i2274;0.030714;0.048387;female
i2275;0.043338;0.048096;female
i2276;0.030427;0.04888;female
i2277;0.050425;0.048632;female
i2278;0.038776;0.047244;female
i2279;0.05494;0.048436;female
i2280;0.040808;0.046967;female
i2281;0.043539;0.047761;female
i2282;0.039375;0.048096;female
i2283;0.058065;0.048387;female
i2284;0.038901;0.047478;female
i2285;0.029431;0.047384;female
i2286;0.047537;0.047856;female
i2287;0.034533;0.049587;female
i2288;0.034715;0.051392;female
i2289;0.050728;0.047384;female
i2290;0.050077;0.048436;female
i2291;0.048739;0.047431;female
i2292;0.033229;0.049536;female
i2293;0.036948;0.049587;female
i2294;0.036627;0.047337;female
i2295;0.038993;0.050473;female
i2296;0.039091;0.047291;female
i2297;0.058318;0.048387;female
i2298;0.052235;0.049844;female
i2299;0.05045;0.048;female
i2300;0.042225;0.047431;female
i2301;0.044333;0.047059;female
i2302;0.050564;0.052288;female
i2303;0.043963;0.048583;female
i2304;0.045417;0.047244;female
i2305;0.029867;0.047809;female
i2306;0.040196;0.049383;female
i2307;0.036193;0.047525;female
i2308;0.039945;0.048048;female
i2309;0.058925;0.050526;female
i2310;0.051825;0.049948;female
i2311;0.059898;0.051118;female
i2312;0.052308;0.047856;female
i2313;0.037512;0.050901;female
i2314;0.051538;0.048096;female
i2315;0.049512;0.047384;female
i2316;0.059091;0.048485;female
i2317;0.06186;0.05178;female
i2318;0.051356;0.048632;female
i2319;0.070119;0.051337;female
i2320;0.052093;0.047619;female
i2321;0.051947;0.047059;female
i2322;0.048862;0.047384;female
i2323;0.055412;0.047198;female
i2324;0.026047;0.04893;female
i2325;0.030632;0.052516;female
i2326;0.035223;0.048682;female
i2327;0.032421;0.047619;female
i2328;0.035408;0.047856;female
i2329;0.043265;0.047013;female
i2330;0.059506;0.048682;female
i2331;0.030318;0.048534;female
i2332;0.030721;0.046921;female
i2333;0.034462;0.047151;female
i2334;0.032079;0.047952;female
i2335;0.030592;0.04883;female
i2336;0.029553;0.05042;female
i2337;0.029589;0.047105;female
i2338;0.036182;0.051502;female
i2339;0.033357;0.051227;female
i2340;0.043077;0.054983;female
i2341;0.043881;0.047572;female
i2342;0.035397;0.047478;female
i2343;0.037084;0.047291;female
i2344;0.035229;0.047666;female
i2345;0.029128;0.047904;female
i2346;0.025621;0.04918;female
i2347;0.036207;0.04829;female
i2348;0.034443;0.047666;female
i2349;0.056487;0.047013;female
i2350;0.046209;0.048241;female
i2351;0.028226;0.051227;female
i2352;0.031201;0.049587;female
i2353;0.026309;0.048048;female
i2354;0.034286;0.047059;female
i2355;0.023403;0.048144;female
i2356;0.034112;0.047809;female
i2357;0.053816;0.047714;female
i2358;0.062056;0.057762;female
i2359;0.023602;0.050794;female
i2360;0.026122;0.047809;female
i2361;0.056458;0.048436;female
i2362;0.038238;0.049434;female
i2363;0.029948;0.049281;female
i2364;0.034269;0.048;female
i2365;0.045732;0.048436;female
i2366;0.041977;0.047384;female
i2367;0.03443;0.047291;female
i2368;0.027084;0.047151;female
i2369;0.028226;0.046921;female
i2370;0.028411;0.048144;female
i2371;0.032053;0.047291;female
i2372;0.033846;0.049231;female
i2373;0.039691;0.049536;female
i2374;0.027549;0.048193;female
i2375;0.036305;0.05101;female
i2376;0.04158;0.047809;female
i2377;0.03618;0.047714;female
i2378;0.038578;0.047198;female
i2379;0.03241;0.049896;female
i2380;0.029984;0.047151;female
i2381;0.038163;0.048534;female
i2382;0.042678;0.050526;female
i2383;0.046044;0.050473;female
i2384;0.040253;0.05042;female
i2385;0.044317;0.050314;female
i2386;0.041119;0.053097;female
i2387;0.033015;0.046921;female
i2388;0.028126;0.048682;female
i2389;0.033472;0.047291;female
i2390;0.049;0.047105;female
i2391;0.03152;0.047291;female
i2392;0.030282;0.047151;female
i2393;0.036007;0.046967;female
i2394;0.056687;0.047198;female
i2395;0.029322;0.048534;female
i2396;0.043448;0.047572;female
i2397;0.025624;0.047013;female
i2398;0.050984;0.047013;female
i2399;0.037472;0.047478;female
i2400;0.030225;0.048534;female
i2401;0.038398;0.048632;female
i2402;0.023333;0.047525;female
i2403;0.047324;0.063576;female
i2404;0.056687;0.047198;female
i2405;0.03211;0.047619;female
i2406;0.035397;0.050526;female
i2407;0.03434;0.047384;female
i2408;0.044725;0.047105;female
i2409;0.040421;0.049844;female
i2410;0.037401;0.047105;female
i2411;0.020429;0.047478;female
i2412;0.033128;0.047809;female
i2413;0.042686;0.04918;female
i2414;0.03089;0.04898;female
i2415;0.06299;0.048193;female
i2416;0.056715;0.04878;female
i2417;0.022759;0.04908;female
i2418;0.036096;0.046921;female
i2419;0.042667;0.047572;female
i2420;0.045466;0.047151;female
i2421;0.028775;0.052805;female
i2422;0.031448;0.048096;female
i2423;0.034697;0.047478;female
i2424;0.055701;0.047619;female
i2425;0.046959;0.047666;female
i2426;0.029254;0.047291;female
i2427;0.031429;0.051724;female
i2428;0.032026;0.04898;female
i2429;0.048784;0.047291;female
i2430;0.029267;0.047151;female
i2431;0.067841;0.051836;female
i2432;0.053121;0.049948;female
i2433;0.039284;0.048731;female
i2434;0.045626;0.049332;female
i2435;0.030678;0.047291;female
i2436;0.034423;0.047105;female
i2437;0.03687;0.047904;female
i2438;0.055106;0.048;female
i2439;0.048421;0.047198;female
i2440;0.038054;0.047904;female
i2441;0.031007;0.04893;female
i2442;0.034094;0.047478;female
i2443;0.046667;0.049231;female
i2444;0.039953;0.049689;female
i2445;0.026972;0.04903;female
i2446;0.040053;0.048048;female
i2447;0.032626;0.047478;female
i2448;0.043739;0.049689;female
i2449;0.04267;0.048485;female
i2450;0.032321;0.048387;female
i2451;0.046597;0.047337;female
i2452;0.024889;0.047952;female
i2453;0.027761;0.047244;female
i2454;0.043556;0.047431;female
i2455;0.050479;0.049383;female
i2456;0.030818;0.048193;female
i2457;0.031063;0.049332;female
i2458;0.061419;0.047291;female
i2459;0.06163;0.05101;female
i2460;0.101215;0.047431;female
i2461;0.021475;0.047572;female
i2462;0.081545;0.047384;female
i2463;0.119473;0.047105;female
i2464;0.118696;0.050104;female
i2465;0.126252;0.049689;female
i2466;0.060622;0.047013;female
i2467;0.037516;0.047013;female
i2468;0.075385;0.046921;female
i2469;0.036351;0.047714;female
i2470;0.038993;0.047761;female
i2471;0.035242;0.04908;female
i2472;0.113254;0.048436;female
i2473;0.038199;0.047291;female
i2474;0.034512;0.048;female
i2475;0.075925;0.047244;female
i2476;0.032475;0.049638;female
i2477;0.043875;0.051836;female
i2478;0.049565;0.047337;female
i2479;0.029398;0.047384;female
i2480;0.038163;0.047384;female
i2481;0.028982;0.049638;female
i2482;0.030817;0.049587;female
i2483;0.0233;0.046921;female
i2484;0.058715;0.046921;female
i2485;0.042903;0.047384;female
i2486;0.034126;0.047714;female
i2487;0.019091;0.047478;female
i2488;0.02433;0.047478;female
i2489;0.037959;0.047478;female
i2490;0.042718;0.048338;female
i2491;0.023178;0.047431;female
i2492;0.04302;0.047105;female
i2493;0.039822;0.046967;female
i2494;0.037094;0.048632;female
i2495;0.025562;0.04878;female
i2496;0.037437;0.048241;female
i2497;0.035963;0.049434;female
i2498;0.026548;0.046967;female
i2499;0.042279;0.046967;female
i2500;0.051678;0.048;female
i2501;0.049184;0.048338;female
i2502;0.037015;0.034115;female
i2503;0.029087;0.017877;female
i2504;0.036628;0.047572;female
i2505;0.020741;0.047059;female
i2506;0.029101;0.048485;female
i2507;0.024063;0.047384;female
i2508;0.052372;0.049383;female
i2509;0.052813;0.047809;female
i2510;0.059747;0.047952;female
i2511;0.042929;0.050262;female
i2512;0.031538;0.049485;female
i2513;0.029455;0.046921;female
i2514;0.03322;0.048193;female
i2515;0.027108;0.051064;female
i2516;0.027024;0.051836;female
i2517;0.047143;0.053274;female
i2518;0.051839;0.047572;female
i2519;0.039417;0.047431;female
i2520;0.048018;0.05;female
i2521;0.017409;0.048387;female
i2522;0.030588;0.047059;female
i2523;0.049452;0.046921;female
i2524;0.026988;0.047478;female
i2525;0.043077;0.049638;female
i2526;0.047917;0.046967;female
i2527;0.039468;0.051173;female
i2528;0.033085;0.049587;female
i2529;0.038247;0.047431;female
i2530;0.061682;0.047291;female
i2531;0.050835;0.049383;female
i2532;0.043105;0.05694;female
i2533;0.033462;0.047525;female
i2534;0.039348;0.049638;female
i2535;0.045874;0.047105;female
i2536;0.033237;0.047291;female
i2537;0.054362;0.047244;female
i2538;0.028183;0.046967;female
i2539;0.024944;0.048;female
i2540;0.03749;0.047198;female
i2541;0.040254;0.047714;female
i2542;0.036052;0.047013;female
i2543;0.036653;0.048193;female
i2544;0.030607;0.050847;female
i2545;0.027451;0.047952;female
i2546;0.039483;0.047952;female
i2547;0.040317;0.050473;female
i2548;0.0425;0.04908;female
i2549;0.031148;0.049741;female
i2550;0.021713;0.048682;female
i2551;0.026979;0.047572;female
i2552;0.041176;0.053512;female
i2553;0.060949;0.047525;female
i2554;0.044211;0.047478;female
i2555;0.040545;0.047666;female
i2556;0.036727;0.047013;female
i2557;0.033641;0.051227;female
i2558;0.020935;0.047291;female
i2559;0.053142;0.048436;female
i2560;0.029919;0.04918;female
i2561;0.080519;0.047105;female
i2562;0.029697;0.051447;female
i2563;0.044094;0.047666;female
i2564;0.031575;0.047337;female
i2565;0.045494;0.052061;female
i2566;0.054018;0.047856;female
i2567;0.034171;0.04898;female
i2568;0.041;0.048241;female
i2569;0.026102;0.050104;female
i2570;0.031279;0.052231;female
i2571;0.046248;0.056272;female
i2572;0.055551;0.047431;female
i2573;0.053594;0.055491;female
i2574;0.029189;0.04883;female
i2575;0.0225;0.048632;female
i2576;0.034228;0.050473;female
i2577;0.027565;0.047666;female
i2578;0.035493;0.047384;female
i2579;0.03291;0.047105;female
i2580;0.022647;0.052288;female
i2581;0.035167;0.047431;female
i2582;0.023381;0.050104;female
i2583;0.027116;0.05101;female
i2584;0.026233;0.053631;female
i2585;0.024706;0.04908;female
i2586;0.026526;0.047105;female
i2587;0.033871;0.04893;female
i2588;0.046425;0.049741;female
i2589;0.034493;0.047059;female
i2590;0.046853;0.048338;female
i2591;0.035;0.047244;female
i2592;0.044211;0.047572;female
i2593;0.036918;0.049948;female
i2594;0.039177;0.049741;female
i2595;0.040075;0.047619;female
i2596;0.038889;0.049332;female
i2597;0.030297;0.047013;female
i2598;0.033953;0.048583;female
i2599;0.050313;0.047105;female
i2600;0.023234;0.046967;female
i2601;0.042899;0.050794;female
i2602;0.041589;0.050847;female
i2603;0.049493;0.046921;female
i2604;0.035362;0.048682;female
i2605;0.028807;0.065217;female
i2606;0.037576;0.05467;female
i2607;0.026696;0.05436;female
i2608;0.033253;0.047666;female
i2609;0.028295;0.046921;female
i2610;0.0335;0.048485;female
i2611;0.027081;0.047291;female
i2612;0.023202;0.048632;female
i2613;0.040274;0.048193;female
i2614;0.041364;0.048534;female
i2615;0.040558;0.050686;female
i2616;0.028735;0.04878;female
i2617;0.033851;0.048144;female
i2618;0.038972;0.051282;female
i2619;0.033272;0.049281;female
i2620;0.038784;0.047198;female
i2621;0.043077;0.047761;female
i2622;0.034718;0.047013;female
i2623;0.043881;0.05042;female
i2624;0.046382;0.04888;female
i2625;0.0525;0.049434;female
i2626;0.039758;0.047572;female
i2627;0.040357;0.048583;female
i2628;0.075645;0.051064;female
i2629;0.046667;0.051282;female
i2630;0.028365;0.048096;female
i2631;0.050297;0.049281;female
i2632;0.041727;0.048096;female
i2633;0.068444;0.048;female
i2634;0.029267;0.046967;female
i2635;0.02982;0.047013;female
i2636;0.051116;0.046967;female
i2637;0.041067;0.046921;female
i2638;0.04046;0.050367;female
i2639;0.03598;0.048338;female
i2640;0.040395;0.050052;female
i2641;0.055376;0.047761;female
i2642;0.03458;0.048;female
i2643;0.052081;0.061538;female
i2644;0.048012;0.047856;female
i2645;0.055548;0.047151;female
i2646;0.04193;0.047856;female
i2647;0.029704;0.047619;female
i2648;0.036017;0.047761;female
i2649;0.042908;0.047904;female
i2650;0.050036;0.047151;female
i2651;0.033287;0.047059;female
i2652;0.042571;0.048048;female
i2653;0.036855;0.054608;female
i2654;0.036981;0.04888;female
i2655;0.036115;0.047666;female
i2656;0.026538;0.058465;female
i2657;0.038068;0.052231;female
i2658;0.029951;0.046921;female
i2659;0.045479;0.049281;female
i2660;0.053256;0.049793;female
i2661;0.050806;0.048436;female
i2662;0.044083;0.05178;female
i2663;0.053272;0.047952;female
i2664;0.048736;0.050955;female
i2665;0.080415;0.050314;female
i2666;0.039135;0.048387;female
i2667;0.068142;0.048048;female
i2668;0.04367;0.047525;female
i2669;0.061306;0.047244;female
i2670;0.043993;0.055684;female
i2671;0.02349;0.048096;female
i2672;0.052855;0.048485;female
i2673;0.052128;0.048193;female
i2674;0.050909;0.051613;female
i2675;0.044283;0.047105;female
i2676;0.046268;0.059259;female
i2677;0.051692;0.047198;female
i2678;0.050693;0.047059;female
i2679;0.038416;0.05;female
i2680;0.04604;0.050104;female
i2681;0.045835;0.047198;female
i2682;0.062701;0.05178;female
i2683;0.055568;0.050157;female
i2684;0.080666;0.056206;female
i2685;0.097291;0.051613;female
i2686;0.07121;0.047337;female
i2687;0.091485;0.047856;female
i2688;0.051959;0.048387;female
i2689;0.075716;0.048632;female
i2690;0.058635;0.048338;female
i2691;0.06848;0.047198;female
i2692;0.091075;0.047714;female
i2693;0.089697;0.052459;female
i2694;0.096894;0.047666;female
i2695;0.037579;0.047291;female
i2696;0.071533;0.047856;female
i2697;0.082548;0.047856;female
i2698;0.063129;0.047431;female
i2699;0.067487;0.048;female
i2700;0.074612;0.049332;female
i2701;0.077744;0.047856;female
i2702;0.059319;0.047431;female
i2703;0.049292;0.051724;female
i2704;0.040057;0.048485;female
i2705;0.054713;0.049793;female
i2706;0.09093;0.047714;female
i2707;0.054085;0.053393;female
i2708;0.071057;0.051892;female
i2709;0.038422;0.047291;female
i2710;0.083907;0.049281;female
i2711;0.092748;0.047431;female
i2712;0.047403;0.046921;female
i2713;0.076729;0.048632;female
i2714;0.07573;0.048048;female
i2715;0.046017;0.047013;female
i2716;0.073002;0.047059;female
i2717;0.061807;0.048632;female
i2718;0.057602;0.047809;female
i2719;0.040065;0.047904;female
i2720;0.058439;0.052863;female
i2721;0.065035;0.05058;female
i2722;0.069048;0.048241;female
i2723;0.090454;0.047059;female
i2724;0.065753;0.049434;female
i2725;0.094795;0.050526;female
i2726;0.029705;0.04829;female
i2727;0.072748;0.049844;female
i2728;0.058831;0.047105;female
i2729;0.044702;0.04883;female
i2730;0.0351;0.047904;female
i2731;0.072421;0.047013;female
i2732;0.045667;0.048048;female
i2733;0.036588;0.052632;female
i2734;0.063241;0.048632;female
i2735;0.073756;0.048682;female
i2736;0.087174;0.048583;female
i2737;0.07;0.047105;female
i2738;0.058104;0.048241;female
i2739;0.092293;0.047952;female
i2740;0.039868;0.047291;female
i2741;0.058792;0.047105;female
i2742;0.062626;0.048338;female
i2743;0.09741;0.047904;female
i2744;0.031526;0.047572;female
i2745;0.035;0.048241;female
i2746;0.035223;0.048485;female
i2747;0.039158;0.048485;female
i2748;0.037959;0.048436;female
i2749;0.041966;0.047952;female
i2750;0.038261;0.04918;female
i2751;0.028788;0.04883;female
i2752;0.028361;0.04898;female
i2753;0.048611;0.049793;female
i2754;0.03511;0.047013;female
i2755;0.045324;0.04878;female
i2756;0.045386;0.048193;female
i2757;0.053816;0.047666;female
i2758;0.038829;0.047013;female
i2759;0.031704;0.047431;female
i2760;0.044231;0.048387;female
i2761;0.033726;0.04918;female
i2762;0.044228;0.049948;female
i2763;0.05201;0.047572;female
i2764;0.036672;0.047059;female
i2765;0.031579;0.048;female
i2766;0.02654;0.047059;female
i2767;0.03857;0.049383;female
i2768;0.041716;0.052174;female
i2769;0.048263;0.049332;female
i2770;0.034911;0.048534;female
i2771;0.055336;0.052061;female
i2772;0.0389;0.051282;female
i2773;0.022228;0.048338;female
i2774;0.046248;0.046967;female
i2775;0.034278;0.047904;female
i2776;0.046564;0.050526;female
i2777;0.029406;0.047059;female
i2778;0.053598;0.047384;female
i2779;0.042507;0.047151;female
i2780;0.034777;0.04878;female
i2781;0.05738;0.047431;female
i2782;0.030099;0.047431;female
i2783;0.029113;0.047856;female
i2784;0.04188;0.047013;female
i2785;0.04305;0.049434;female
i2786;0.06131;0.047431;female
i2787;0.025322;0.047059;female
i2788;0.046473;0.047291;female
i2789;0.038645;0.047761;female
i2790;0.04766;0.047666;female
i2791;0.047043;0.050473;female
i2792;0.0453;0.048731;female
i2793;0.038367;0.050633;female
i2794;0.041546;0.048;female
i2795;0.053444;0.053393;female
i2796;0.053096;0.047151;female
i2797;0.060436;0.047572;female
i2798;0.058218;0.049741;female
i2799;0.081191;0.05298;female
i2800;0.044184;0.04918;female
i2801;0.031595;0.050794;female
i2802;0.04414;0.049434;female
i2803;0.035674;0.048387;female
i2804;0.020449;0.047525;female
i2805;0.02899;0.047013;female
i2806;0.029227;0.04913;female
i2807;0.028119;0.047619;female
i2808;0.030764;0.047198;female
i2809;0.026112;0.046921;female
i2810;0.022508;0.052574;female
i2811;0.027591;0.047431;female
i2812;0.028418;0.062827;female
i2813;0.020024;0.057762;female
i2814;0.028571;0.055046;female
i2815;0.026779;0.047198;female
i2816;0.036538;0.053274;female
i2817;0.032291;0.047198;female
i2818;0.02836;0.04918;female
i2819;0.029565;0.04878;female
i2820;0.027618;0.050314;female
i2821;0.027074;0.047013;female
i2822;0.025903;0.047059;female
i2823;0.018585;0.055046;female
i2824;0.020385;0.049281;female
i2825;0.025492;0.047478;female
i2826;0.024313;0.047105;female
i2827;0.018006;0.047337;female
i2828;0.026331;0.047904;female
i2829;0.030781;0.049587;female
i2830;0.023333;0.050157;female
i2831;0.024299;0.047291;female
i2832;0.018172;0.04908;female
i2833;0.024959;0.047666;female
i2834;0.026536;0.047059;female
i2835;0.024762;0.050314;female
i2836;0.027378;0.048583;female
i2837;0.034314;0.04829;female
i2838;0.025688;0.047666;female
i2839;0.023134;0.048632;female
i2840;0.026328;0.047105;female
i2841;0.024771;0.051836;female
i2842;0.020488;0.05074;female
i2843;0.017822;0.046921;female
i2844;0.026361;0.047291;female
i2845;0.019962;0.054237;female
i2846;0.024592;0.047431;female
i2847;0.02243;0.047198;female
i2848;0.021737;0.047244;female
i2849;0.020627;0.050794;female
i2850;0.031442;0.053571;female
i2851;0.032886;0.047572;female
i2852;0.018947;0.047013;female
i2853;0.023596;0.053452;female
i2854;0.019813;0.047105;female
i2855;0.030654;0.047013;female
i2856;0.028885;0.051502;female
i2857;0.026746;0.049896;female
i2858;0.023579;0.047059;female
i2859;0.025016;0.056604;female
i2860;0.039502;0.04903;female
i2861;0.017429;0.048338;female
i2862;0.027601;0.048;female
i2863;0.028535;0.05467;female
i2864;0.030466;0.05101;female
i2865;0.056097;0.04903;female
i2866;0.048941;0.047904;female
i2867;0.036066;0.047151;female
i2868;0.047794;0.048;female
i2869;0.038852;0.048048;female
i2870;0.047651;0.047761;female
i2871;0.035;0.047384;female
i2872;0.041818;0.057211;female
i2873;0.050998;0.047714;female
i2874;0.02589;0.047105;female
i2875;0.046599;0.047013;female
i2876;0.05142;0.047525;female
i2877;0.060031;0.047013;female
i2878;0.038583;0.048583;female
i2879;0.032153;0.047572;female
i2880;0.033835;0.047619;female
i2881;0.046746;0.047013;female
i2882;0.029647;0.056738;female
i2883;0.055;0.047384;female
i2884;0.046081;0.048534;female
i2885;0.032586;0.047059;female
i2886;0.043117;0.049332;female
i2887;0.048815;0.047384;female
i2888;0.042692;0.046921;female
i2889;0.05082;0.051724;female
i2890;0.03277;0.047619;female
i2891;0.043846;0.048485;female
i2892;0.037288;0.047013;female
i2893;0.04562;0.047525;female
i2894;0.051646;0.047666;female
i2895;0.036303;0.049434;female
i2896;0.037223;0.047244;female
i2897;0.050137;0.047013;female
i2898;0.049072;0.047952;female
i2899;0.047532;0.047761;female
i2900;0.056386;0.048338;female
i2901;0.047575;0.049434;female
i2902;0.047308;0.047151;female
i2903;0.039053;0.047572;female
i2904;0.038657;0.047572;female
i2905;0.037471;0.047809;female
i2906;0.052249;0.047244;female
i2907;0.030862;0.047151;female
i2908;0.042453;0.051613;female
i2909;0.058652;0.046967;female
i2910;0.048425;0.047525;female
i2911;0.03993;0.046967;female
i2912;0.038072;0.046921;female
i2913;0.056096;0.047904;female
i2914;0.043041;0.046921;female
i2915;0.034453;0.050473;female
i2916;0.039351;0.047013;female
i2917;0.042326;0.047572;female
i2918;0.031;0.048048;female
i2919;0.047532;0.047013;female
i2920;0.041702;0.047952;female
i2921;0.027783;0.049434;female
i2922;0.046295;0.048387;female
i2923;0.052267;0.049434;female
i2924;0.075683;0.016343;female
i2925;0.097181;0.016343;female
i2926;0.140728;0.028169;female
i2927;0.060521;0.016563;female
i2928;0.063161;0.021333;female
i2929;0.065734;0.020725;female
i2930;0.030027;0.030019;female
i2931;0.056949;0.01768;female
i2932;0.047695;0.016478;female
i2933;0.083498;0.017372;female
i2934;0.070186;0.015733;female
i2935;0.056915;0.016327;female
i2936;0.062968;0.017279;female
i2937;0.080373;0.01564;female
i2938;0.077886;0.015686;female
i2939;0.06058;0.016461;female
i2940;0.061036;0.015795;female
i2941;0.03403;0.020075;female
i2942;0.053671;0.018957;female
i2943;0.043385;0.017149;female
i2944;0.061566;0.045845;female
i2945;0.05487;0.019347;female
i2946;0.041743;0.016529;female
i2947;0.042124;0.017699;female
i2948;0.056291;0.016649;female
i2949;0.039155;0.027397;female
i2950;0.036129;0.051282;female
i2951;0.060607;0.016145;female
i2952;0.040152;0.021248;female
i2953;0.072449;0.016377;female
i2954;0.081583;0.021592;female
i2955;0.210623;0.016032;female
i2956;0.205693;0.017957;female
i2957;0.179911;0.01626;female
i2958;0.207512;0.016097;female
i2959;0.205634;0.016113;female
i2960;0.064283;0.014205;female
i2961;0.084725;0.018553;female
i2962;0.082202;0.026042;female
i2963;0.052243;0.018018;female
i2964;0.047871;0.018382;female
i2965;0.089283;0.039063;female
i2966;0.050858;0.034247;female
i2967;0.060213;0.020833;female
i2968;0.053711;0.019531;female
i2969;0.090007;0.02681;female
i2970;0.088704;0.015291;female
i2971;0.059726;0.03367;female
i2972;0.042224;0.029155;female
i2973;0.063407;0.039063;female
i2974;0.059083;0.023148;female
i2975;0.048981;0.019531;female
i2976;0.066209;0.017953;female
i2977;0.07209;0.025773;female
i2978;0.060632;0.022173;female
i2979;0.045333;0.071429;female
i2980;0.082455;0.02551;female
i2981;0.078144;0.009901;female
i2982;0.109681;0.033898;female
i2983;0.108517;0.011074;female
i2984;0.07963;0.009785;female
i2985;0.084141;0.024938;female
i2986;0.063768;0.039526;female
i2987;0.054048;0.035714;female
i2988;0.050133;0.023529;female
i2989;0.08138;0.01642;female
i2990;0.063009;0.02584;female
i2991;0.039707;0.021186;female
i2992;0.052791;0.024038;female
i2993;0.054877;0.019531;female
i2994;0.052197;0.042017;female
i2995;0.061162;0.028818;female
i2996;0.067489;0.02584;female
i2997;0.080309;0.013736;female
i2998;0.057411;0.03003;female
i2999;0.041187;0.06993;female
i3000;0.048455;0.011161;female
i3001;0.071667;0.069444;female
i3002;0.096306;0.014815;female
i3003;0.082551;0.026042;female
i3004;0.047814;0.029674;female
i3005;0.06322;0.031546;female
i3006;0.070888;0.013021;female
i3007;0.053652;0.04902;female
i3008;0.063383;0.009775;female
i3009;0.092277;0.052632;female
i3010;0.082906;0.02079;female
i3011;0.048494;0.019531;female
i3012;0.016733;0.095238;female
i3013;0.019166;0.097087;female
i3014;0.023116;0.063694;female
i3015;0.0217;0.080645;female
i3016;0.024949;0.063694;female
i3017;0.027928;0.015625;female
i3018;0.022434;0.019531;female
i3019;0.033445;0.120482;female
i3020;0.014558;0.185185;female
i3021;0.020575;0.062112;female
i3022;0.025227;0.2;female
i3023;0.03098;0.039216;female
i3024;0.021675;0.009911;female
i3025;0.023586;0.082645;female
i3026;0.027966;0.054348;female
i3027;0.038257;0.013021;female
i3028;0.015491;0.178571;female
i3029;0.024522;0.019531;female
i3030;0.025247;0.107527;female
i3031;0.026951;0.09901;female
i3032;0.023333;0.042373;female
i3033;0.015111;0.070423;female
i3034;0.031186;0.1;female
i3035;0.022602;0.068027;female
i3036;0.017082;0.092593;female
i3037;0.033833;0.087719;female
i3038;0.018154;0.081967;female
i3039;0.04653;0.072464;female
i3040;0.018017;0.019531;female
i3041;0.021236;0.133333;female
i3042;0.0209;0.2;female
i3043;0.027813;0.06993;female
i3044;0.020719;0.042735;female
i3045;0.037946;0.05618;female
i3046;0.025532;0.013021;female
i3047;0.040769;0.028169;female
i3048;0.019317;0.10101;female
i3049;0.021649;0.093458;female
i3050;0.023652;0.084746;female
i3051;0.03634;0.204082;female
i3052;0.020563;0.023923;female
i3053;0.02713;0.136986;female
i3054;0.022482;0.013021;female
i3055;0.039281;0.03937;female
i3056;0.023318;0.153846;female
i3057;0.030224;0.049505;female
i3058;0.02067;0.019531;female
i3059;0.035082;0.027027;female
i3060;0.022632;0.096154;female
i3061;0.029102;0.092593;female
i3062;0.029483;0.070423;female
i3063;0.030053;0.1;female
i3064;0.032469;0.01462;female
i3065;0.036077;0.010163;female
i3066;0.036799;0.011123;female
i3067;0.031092;0.031646;female
i3068;0.033707;0.033445;female
i3069;0.027982;0.030581;female
i3070;0.026051;0.049505;female
i3071;0.027195;0.012987;female
i3072;0.025407;0.015601;female
i3073;0.02338;0.027322;female
i3074;0.025712;0.016313;female
i3075;0.021259;0.021834;female
i3076;0.021881;0.039841;female
i3077;0.020169;0.011891;female
i3078;0.023261;0.01506;female
i3079;0.030061;0.012937;female
i3080;0.028146;0.014771;female
i3081;0.027862;0.010582;female
i3082;0.025421;0.028249;female
i3083;0.037802;0.013175;female
i3084;0.031071;0.011364;female
i3085;0.023978;0.066667;female
i3086;0.032343;0.018282;female
i3087;0.024738;0.01773;female
i3088;0.032171;0.02849;female
i3089;0.027756;0.018622;female
i3090;0.019564;0.010582;female
i3091;0.021266;0.04065;female
i3092;0.026606;0.044643;female
i3093;0.026573;0.022727;female
i3094;0.031111;0.021505;female
i3095;0.034774;0.013004;female
i3096;0.01982;0.011038;female
i3097;0.028554;0.010707;female
i3098;0.038535;0.030211;female
i3099;0.032831;0.026596;female
i3100;0.019669;0.025;female
i3101;0.028181;0.02004;female
i3102;0.026013;0.010905;female
i3103;0.027177;0.018762;female
i3104;0.025832;0.010776;female
i3105;0.032921;0.02008;female
i3106;0.039807;0.084034;female
i3107;0.023932;0.034483;female
i3108;0.022077;0.012674;female
i3109;0.030236;0.034843;female
i3110;0.026726;0.010549;female
i3111;0.028713;0.011468;female
i3112;0.036219;0.014245;female
i3113;0.027255;0.017271;female
i3114;0.049482;0.043491;female
i3115;0.063354;0.043707;female
i3116;0.062688;0.043193;female
i3117;0.049607;0.043663;female
i3118;0.052427;0.043577;female
i3119;0.057166;0.044056;female
i3120;0.066215;0.04332;female
i3121;0.036986;0.04362;female
i3122;0.059513;0.043151;female
i3123;0.043316;0.043193;female
i3124;0.051325;0.01592;female
i3125;0.040249;0.015748;female
i3126;0.094235;0.015686;female
i3127;0.127601;0.015795;female
i3128;0.055317;0.017186;female
i3129;0.046106;0.015826;female
i3130;0.043193;0.01626;female
i3131;0.049123;0.018692;female
i3132;0.05069;0.022315;female
i3133;0.041144;0.017778;female
i3134;0.138814;0.050794;female
i3135;0.14781;0.071429;female
i3136;0.150603;0.016343;female
i3137;0.162105;0.015984;female
i3138;0.16358;0.02086;female
i3139;0.158806;0.016343;female
i3140;0.134052;0.017917;female
i3141;0.152103;0.029575;female
i3142;0.179929;0.016512;female
i3143;0.157712;0.016444;female
i3144;0.166899;0.058182;female
i3145;0.163851;0.016178;female
i3146;0.135906;0.034043;female
i3147;0.155234;0.068966;female
i3148;0.143055;0.029144;female
i3149;0.17866;0.019512;female
i3150;0.146834;0.026622;female
i3151;0.177713;0.019116;female
i3152;0.172207;0.023495;female
i3153;0.159576;0.051948;female
i3154;0.036855;0.029685;female
i3155;0.055552;0.063241;female
i3156;0.055293;0.025478;female
i3157;0.049707;0.03272;female
i3158;0.063461;0.020566;female
i3159;0.051166;0.018648;female
i3160;0.144671;0.020699;female
i3161;0.17204;0.023426;female
i3162;0.126084;0.16;female
i3163;0.18259;0.039506;female
i3164;0.151859;0.08377;female
i3165;0.162193;0.034409;female
i3166;0.190936;0.039506;female
i3167;0.176435;0.034483;female
i3168;0.180756;0.062257;female
